weight,degree,in_degree,out_degree,betweenness_centrality,closeness_centrality,eigenvector_centrality,pagerank,sum_nbr_deg,avg_nbr_deg
0.00121359223301,278,123,155,0.0280364220328,0.492919391712,0.080087564179,0.00514145846885,14094,90.929032258064516129032258
0.00121359223301,144,73,71,0.00479170934467,0.441069525823,0.0588403870038,0.00260382621576,8719,122.802816901408450704225352
0.00121359223301,201,115,86,0.0118232660905,0.455771843351,0.073798624261,0.00392552404398,8099,94.174418604651162790697674
0.00121359223301,201,89,112,0.00571785372446,0.473856210817,0.0860693021597,0.0028392564096,13766,122.910714285714285714285714
0.00121359223301,57,29,28,0.000295618702314,0.390985377429,0.0143951620945,0.00110841292135,2690,96.071428571428571428571428
0.00121359223301,57,22,35,0.000573155385155,0.418009621505,0.0238767731973,0.000829870985413,6123,174.942857142857142857142857
0.00121359223301,57,29,28,0.00049561576902,0.390176888228,0.0267371370721,0.00103758307648,3152,112.571428571428571428571428
0.00121359223301,57,31,26,0.00114816282254,0.356018005938,0.0136965316143,0.00156368086899,2093,80.5
0.00121359223301,57,34,23,0.00049645061154,0.412526329574,0.0365675366831,0.00109221207353,4016,174.60869565217391304347826
0.00121359223301,57,26,31,0.000543539168189,0.41616573257,0.0294129370379,0.000921258258206,5513,177.838709677419354838709677
0.00121359223301,73,34,39,0.00141935153873,0.398079204952,0.0217629132814,0.00146759784328,3326,85.282051282051282051282051
0.00121359223301,73,38,35,0.00149824547663,0.407185030529,0.0232238126184,0.00154595910139,3695,105.571428571428571428571428
0.00121359223301,73,34,39,0.000949305701365,0.416717188929,0.0235715380271,0.00120702519393,4455,114.230769230769230769230769
0.00121359223301,73,35,38,0.00251719674467,0.411267530835,0.0210900127662,0.0013436338953,3596,94.631578947368421052631578
0.00121359223301,80,41,39,0.000635593822014,0.411088329297,0.0434176409201,0.00146597003247,6177,158.384615384615384615384615
0.00121359223301,80,44,36,0.00226179972635,0.411806074088,0.0308622494166,0.00172892975837,4361,121.138888888888888888888888
0.00121359223301,80,36,44,0.000467432142807,0.401296348675,0.025473962678,0.00118655564998,4742,107.772727272727272727272727
0.00121359223301,80,39,41,0.00168204788141,0.409660319469,0.0228026256231,0.00149493382324,3891,94.902439024390243902439024
0.00121359223301,80,38,42,0.00045564730248,0.40112572948,0.0345863508863,0.00128569380054,5343,127.214285714285714285714285
0.00121359223301,208,85,123,0.0133946578812,0.475528082528,0.0611311407915,0.00282481092202,12677,103.06504065040650406504065
0.00121359223301,67,35,32,0.00120160826739,0.403355158502,0.0171138344901,0.00145875753755,3126,97.6875
0.00121359223301,67,32,35,0.0011229520031,0.386817431626,0.0200054469615,0.00122400640503,2992,85.485714285714285714285714
0.00121359223301,114,48,66,0.0040658540297,0.442517690308,0.0585907956961,0.00162886348378,8729,132.257575757575757575757575
0.00121359223301,114,48,66,0.00307114355174,0.411985902068,0.0217662332487,0.00216931178289,5251,79.560606060606060606060606
0.00121359223301,96,45,51,0.00220294487991,0.433370563039,0.0414188703764,0.00178820669057,6760,132.54901960784313725490196
0.00121359223301,107,65,42,0.00333574722817,0.403527679956,0.0436163424866,0.00248751692134,4290,102.142857142857142857142857
0.00121359223301,107,52,55,0.00299582892472,0.424785103888,0.0449058146527,0.00193672581922,6986,127.018181818181818181818181
0.00121359223301,7,3,4,2.3013303988e-05,0.330918174583,0.00259910683774,0.000351373182925,602,150.5
0.00121359223301,7,4,3,5.35458293305e-06,0.328155727213,0.00305189745423,0.000313090826405,318,106.0
0.00121359223301,7,6,1,8.77658052785e-06,0.233584480252,0.00221809183542,0.000710239154191,15,15.0
0.00121359223301,7,5,2,1.08445486799e-05,0.29612294907,0.00352205797438,0.000318211932014,122,61.0
0.00121359223301,7,5,2,1.0276008679e-05,0.309225734427,0.00192859905511,0.000469813308121,214,107.0
0.00121359223301,7,2,5,1.40830727847e-06,0.34545870221,0.00236262602192,0.000265992742454,706,141.2
0.00121359223301,7,6,1,3.76420022454e-06,0.288163627287,0.00307294308517,0.000484750825528,55,55.0
0.00121359223301,7,2,5,2.07088546416e-06,0.342573607747,0.00206015333713,0.000252011927583,753,150.6
0.00121359223301,7,4,3,7.45810404807e-07,0.328498508265,0.00314922541753,0.000297044522346,408,136.0
0.00121359223301,7,4,3,1.27153658465e-05,0.321337777839,0.00178999120242,0.000349084929568,268,89.333333333333333333333333
0.00121359223301,7,4,3,8.50899648363e-05,0.293817413808,0.00108957992844,0.00032740939473,148,49.333333333333333333333333
0.00121359223301,7,4,3,0.0,0.313854862188,0.00279185336993,0.000293727855102,313,104.333333333333333333333333
0.00121359223301,7,6,1,8.34136348436e-06,0.259688333536,0.00414001956302,0.000348824757498,12,12.0
0.00121359223301,7,6,1,0.0,0.298559403714,0.00146595620223,0.000385784700654,131,131.0
0.00121359223301,7,5,2,3.10490740348e-05,0.324655098326,0.00359495554097,0.00038843600695,354,177.0
0.00121359223301,7,6,1,1.02098282522e-06,0.308014272196,0.00700917191774,0.000381453362256,119,119.0
0.00121359223301,7,3,4,1.54672780832e-06,0.371728808407,0.00438075823992,0.000273554096339,916,229.0
0.00121359223301,7,4,3,1.55809784632e-05,0.335866043338,0.00418191193584,0.000327315918159,392,130.666666666666666666666666
0.00121359223301,273,138,135,0.016176220166,0.487569878933,0.115269247475,0.0049688034731,16461,121.933333333333333333333333
0.00121359223301,160,84,76,0.00476832613736,0.4458637598,0.0854540154293,0.00280554671454,10267,135.092105263157894736842105
0.00121359223301,55,28,27,0.0039875586298,0.413792857779,0.026095032251,0.00165027594998,3929,145.518518518518518518518518
0.00121359223301,55,29,26,0.000249667994348,0.415615733804,0.031076860675,0.000989590056138,4682,180.076923076923076923076923
0.00121359223301,55,24,31,0.00168118032941,0.408065620993,0.0168602535388,0.00128031020494,3231,104.225806451612903225806451
0.00121359223301,55,32,23,0.000412565834947,0.396573230658,0.0225010397614,0.00110453450289,2683,116.652173913043478260869565
0.00121359223301,46,27,19,0.000197837862282,0.377228195016,0.0153023111051,0.000956031450189,2083,109.631578947368421052631578
0.00121359223301,46,26,20,0.000109010492651,0.362307110498,0.0241567008225,0.000871415367701,2309,115.45
0.00121359223301,46,23,23,0.000254138105865,0.397241143468,0.0201965947149,0.000844866872859,3037,132.043478260869565217391304
0.00121359223301,46,31,15,7.80667790949e-05,0.34382205384,0.017422697858,0.00117429004397,1401,93.4
0.00121359223301,215,109,106,0.00980164831726,0.472669196261,0.0876036364569,0.00358761816117,12753,120.311320754716981132075471
0.00121359223301,217,87,130,0.0168525887281,0.454454583688,0.050337159711,0.00377540703019,9669,74.376923076923076923076923
0.00121359223301,217,98,119,0.00633199993946,0.481842551448,0.0844442307119,0.00296691954932,15542,130.60504201680672268907563
0.00121359223301,217,93,124,0.0119408272669,0.478907469917,0.0801514764253,0.00386263960003,15785,127.298387096774193548387096
0.00121359223301,214,95,119,0.0110004610903,0.47793703938,0.0895200635933,0.00344424222371,15027,126.277310924369747899159663
0.00121359223301,270,111,159,0.00950137270522,0.502635970025,0.115405143995,0.0033152437406,20702,130.201257861635220125786163
0.00121359223301,346,120,226,0.0189400312772,0.530623012225,0.112103046418,0.0038746615451,24154,106.876106194690265486725663
0.00121359223301,137,59,78,0.00418997511972,0.451842775736,0.0557647301011,0.00182162335935,10135,129.935897435897435897435897
0.00121359223301,228,127,101,0.0096940816213,0.466360709706,0.108632582689,0.00444636162018,12753,126.267326732673267326732673
0.00121359223301,30,13,17,0.00012873987069,0.409127370224,0.0154905242249,0.000603382428806,3386,199.176470588235294117647058
0.00121359223301,30,14,16,0.000274767811796,0.367529301027,0.00838277609006,0.000672222636128,1372,85.75
0.00121359223301,30,18,12,0.000140630258239,0.370124643286,0.00851900491507,0.000770195109988,1425,118.75
0.00121359223301,30,16,14,6.10024558282e-05,0.358044673904,0.00973300745717,0.00061164512842,1367,97.642857142857142857142857
0.00121359223301,30,20,10,0.000399716542433,0.367672531464,0.0117037416747,0.000794589757975,1140,114.0
0.00121359223301,30,13,17,4.41507894319e-05,0.366245231264,0.00912232328829,0.000599620596532,2021,118.882352941176470588235294
0.00121359223301,30,11,19,0.000155016017579,0.37056076816,0.0056269530946,0.00052641931148,1671,87.947368421052631578947368
0.00121359223301,30,11,19,0.000490050070395,0.395907560107,0.00981783640774,0.000587620773428,2235,117.631578947368421052631578
0.00121359223301,30,21,9,4.47053598913e-05,0.343696799904,0.0142896304723,0.000767650243669,1009,112.111111111111111111111111
0.00121359223301,30,15,15,5.55102863979e-05,0.345079632676,0.00811569603747,0.000589773086355,1346,89.733333333333333333333333
0.00121359223301,30,15,15,7.80116709932e-05,0.327472306746,0.00601300917006,0.000667071152429,943,62.866666666666666666666666
0.00121359223301,30,16,14,5.00009710538e-05,0.320791470839,0.00403870872788,0.000951131457076,853,60.928571428571428571428571
0.00121359223301,30,13,17,0.000109152131405,0.354679592382,0.007633866253,0.00061250832481,1374,80.823529411764705882352941
0.00121359223301,30,15,15,7.97050484927e-05,0.390661580015,0.0156516604213,0.000683752703879,2291,152.733333333333333333333333
0.00121359223301,30,15,15,2.12832102247e-05,0.320138349418,0.00368609339169,0.000779845237444,959,63.933333333333333333333333
0.00121359223301,66,32,34,0.00187559121571,0.383359494407,0.0192115931706,0.00145927025336,2867,84.323529411764705882352941
0.00121359223301,66,31,35,0.000618965193828,0.407712928149,0.0231824032281,0.00104908783432,4113,117.514285714285714285714285
0.00121359223301,66,33,33,0.000464525227221,0.406133325758,0.0318862991605,0.00124620878458,4620,140.0
0.00121359223301,66,35,31,0.00115624639518,0.379962833563,0.0219660396924,0.00129330690504,3097,99.903225806451612903225806
0.00121359223301,191,91,100,0.0062589342494,0.455771843351,0.0825930554011,0.00314939033732,12207,122.07
0.00121359223301,191,82,109,0.00860169866624,0.473618331193,0.0834792048573,0.00291629568284,14350,131.651376146788990825688073
0.00121359223301,130,67,63,0.00307221910038,0.436579229864,0.0619082571564,0.00231462393462,8343,132.428571428571428571428571
0.00121359223301,21,8,13,0.000139406800131,0.371582400841,0.00378261528723,0.000475494142959,1290,99.230769230769230769230769
0.00121359223301,21,16,5,3.80616675599e-05,0.335150165448,0.00791847530614,0.000655915726204,454,90.8
0.00121359223301,21,9,12,0.000111026508044,0.385710431617,0.00810696708917,0.000445771974161,1918,159.833333333333333333333333
0.00121359223301,21,10,11,1.19181795606e-05,0.317445395604,0.00260676789479,0.000576612141014,667,60.636363636363636363636363
0.00121359223301,21,6,15,0.000123129726889,0.351770214667,0.00356673116494,0.000372088250336,1449,96.6
0.00121359223301,21,12,9,0.000227584356422,0.352032729752,0.00621594612527,0.000852474007334,819,91.0
0.00121359223301,300,142,158,0.0155383810343,0.494728744487,0.125834192559,0.00474481994466,18757,118.715189873417721518987341
0.00121359223301,153,75,78,0.00390813320718,0.44004091219,0.0602373829167,0.00271753056267,8576,109.948717948717948717948717
0.00121359223301,101,55,46,0.00142455008464,0.403527679956,0.0470129500688,0.00182508808365,4821,104.80434782608695652173913
0.00121359223301,101,46,55,0.0074726467786,0.424402931055,0.0319887531966,0.00216487181571,5608,101.963636363636363636363636
0.00121359223301,101,43,58,0.00144815866656,0.435772616968,0.0385525195664,0.00151003904833,7296,125.793103448275862068965517
0.00121359223301,101,46,55,0.00221943303171,0.435169610579,0.0437919163438,0.00150300515776,7279,132.345454545454545454545454
0.00121359223301,119,52,67,0.00358662443733,0.449046985119,0.0464527029363,0.0020002499082,9228,137.731343283582089552238805
0.00121359223301,12,6,6,5.57826580823e-05,0.328612927808,0.00707791498213,0.000378178644621,576,96.0
0.00121359223301,12,5,7,1.7398006501e-05,0.377983860471,0.00726625783641,0.000335760874564,1577,225.285714285714285714285714
0.00121359223301,12,6,6,2.68879259844e-06,0.384766605113,0.0101803990079,0.000339500041467,1639,273.166666666666666666666666
0.00121359223301,12,11,1,1.36806799751e-05,0.327358679992,0.00714705934293,0.000462692718337,231,231.0
0.00121359223301,12,7,5,0.0,0.31862469292,0.00311366835988,0.000388728512764,548,109.6
0.00121359223301,12,10,2,9.46718875986e-07,0.295751635027,0.00558437235903,0.000490355183926,126,63.0
0.00121359223301,12,8,4,0.00106533236747,0.353086719961,0.00575656723549,0.000745641484808,676,169.0
0.00121359223301,12,9,3,0.000999255459875,0.328155727213,0.00889639365583,0.000603533275247,481,160.333333333333333333333333
0.00121359223301,12,6,6,1.71331838618e-05,0.327472306746,0.00451505460216,0.000453703474314,578,96.333333333333333333333333
0.00121359223301,12,2,10,3.47266611602e-06,0.341828882513,0.00136767284656,0.000250836438989,975,97.5
0.00121359223301,12,6,6,0.000998940358138,0.336825318006,0.00367453772964,0.000526152758292,763,127.166666666666666666666666
0.00121359223301,12,2,10,0.00270977216115,0.292814312767,0.000522559494236,0.000244014325283,163,16.3
0.00121359223301,12,4,8,2.38041721348e-05,0.360783065291,0.0050771759098,0.000440498225008,1217,152.125
0.00121359223301,60,22,38,0.000720975005449,0.416717188929,0.0227448665667,0.00076406229128,4348,114.421052631578947368421052
0.00121359223301,60,26,34,0.000235648953124,0.398415420497,0.0310474243973,0.00091055602464,4311,126.794117647058823529411764
0.00121359223301,60,37,23,0.00224000083966,0.405435202293,0.0197428907161,0.00138639404988,2769,120.391304347826086956521739
0.00121359223301,60,26,34,0.000808330632508,0.413974425509,0.0244296691882,0.00103302232289,4227,124.323529411764705882352941
0.00121359223301,60,33,27,0.000779433857327,0.398920810036,0.0186600821001,0.00133662595716,2942,108.962962962962962962962962
0.00121359223301,60,28,32,0.000278429619781,0.400444701076,0.0229449780467,0.00111774717562,3814,119.1875
0.00121359223301,60,35,25,0.000112501787195,0.376325375244,0.0323268415634,0.00105803262129,3096,123.84
0.00121359223301,60,26,34,0.000745938866071,0.396739998207,0.0119624366918,0.00111726599725,3034,89.235294117647058823529411
0.00121359223301,110,28,82,0.00084132112519,0.461118140633,0.0292451699899,0.000953497253748,11394,138.951219512195121951219512
0.00121359223301,110,54,56,0.00225655274043,0.431388987534,0.0523481365992,0.00195803721787,7416,132.428571428571428571428571
0.00121359223301,76,42,34,0.00173580470897,0.424593931474,0.0409939374311,0.00152885239999,5080,149.41176470588235294117647
0.00121359223301,62,32,30,0.00126211842224,0.38196263795,0.0196146364976,0.0012688945375,2502,83.4
0.00121359223301,62,33,29,0.000622811440857,0.363283679529,0.0124685448926,0.00148654169967,1899,65.482758620689655172413793
0.00121359223301,62,47,15,0.000993270528999,0.372168724156,0.0279305947036,0.0017528567733,1579,105.266666666666666666666666
0.00121359223301,62,33,29,0.000716709500322,0.372904235469,0.018495314818,0.0012428702402,2238,77.172413793103448275862068
0.00121359223301,62,30,32,0.000327834330894,0.400784925971,0.0259041814099,0.00115923300702,3859,120.59375
0.00121359223301,37,15,22,0.000155044613606,0.347622592386,0.0108785810723,0.000784756868138,1940,88.181818181818181818181818
0.00121359223301,37,19,18,7.04418073331e-05,0.353218912668,0.00962944240811,0.000708663055694,1479,82.166666666666666666666666
0.00121359223301,37,20,17,0.000752031467798,0.343947399102,0.0108629987807,0.000950921815677,1235,72.647058823529411764705882
0.00121359223301,37,15,22,0.000192933172674,0.360645151275,0.00504757767199,0.000790362816129,1580,71.818181818181818181818181
0.00121359223301,3,2,1,0.0,0.306413678381,0.00173850034132,0.000270530669084,160,160.0
0.00121359223301,3,1,2,8.30111342756e-07,0.303750069458,0.00035820831371,0.00023952880572,111,55.5
0.00121359223301,3,1,2,0.0,0.365111345099,0.00241633794706,0.0002175858685,623,311.5
0.00121359223301,3,1,2,0.0,0.338638806797,0.00135390524914,0.0002211284699,438,219.0
0.00121359223301,3,2,1,0.0,0.314168403509,0.00146320726876,0.000228995060219,164,164.0
0.00121359223301,3,2,1,2.22378431932e-06,0.231180523336,0.000345578200414,0.000443438341832,6,6.0
0.00121359223301,3,1,2,1.26409779302e-07,0.286588005995,0.000386040717542,0.000225572266897,140,70.0
0.00121359223301,3,2,1,0.0,0.308517892654,0.00268220717603,0.000258275422284,131,131.0
0.00121359223301,3,2,1,1.40852527208e-06,0.321447262602,0.000576853119457,0.00023556721582,214,214.0
0.00121359223301,85,41,44,0.00387362616845,0.379046892622,0.0259168697194,0.00138281557887,3717,84.477272727272727272727272
0.00121359223301,85,43,42,0.00106193457467,0.418751760202,0.032024689632,0.00140094136132,5251,125.023809523809523809523809
0.00121359223301,85,46,39,0.00413924228256,0.413611449249,0.0371258836249,0.002058338278,4405,112.948717948717948717948717
0.00121359223301,92,42,50,0.00105048536151,0.435973990636,0.0396958390245,0.00145480381619,7397,147.94
0.00121359223301,92,47,45,0.00132660949361,0.411806074088,0.0373727625934,0.00169863569376,5127,113.933333333333333333333333
0.00121359223301,92,46,46,0.00106808058124,0.429230079953,0.0505862098132,0.00151520281761,7709,167.586956521739130434782608
0.00121359223301,42,25,17,0.00215914409843,0.405261046278,0.0238346743301,0.00127778105383,2766,162.705882352941176470588235
0.00121359223301,42,21,21,0.000115339033285,0.381653606689,0.0201197189029,0.000732300401777,3162,150.571428571428571428571428
0.00121359223301,42,19,23,0.000684884682905,0.35790884512,0.00723986651927,0.000853169309781,1540,66.956521739130434782608695
0.00121359223301,42,26,16,4.01796403608e-05,0.350203309479,0.0234288155836,0.0009801210675,1808,113.0
0.00121359223301,42,27,15,0.00212757317401,0.392449133002,0.0294951772875,0.00121814576931,2976,198.4
0.00121359223301,42,19,23,0.000647440977203,0.384609749587,0.0130074653285,0.000997504491227,2446,106.347826086956521739130434
0.00121359223301,42,24,18,0.000256170646853,0.345079632676,0.0122676824338,0.000876343135544,1244,69.111111111111111111111111
0.00121359223301,42,24,18,0.00364535048833,0.391147477503,0.0256563741062,0.00102515962372,2734,151.888888888888888888888888
0.00121359223301,164,74,90,0.00573443627299,0.469376973003,0.0609824334803,0.00257716450744,11316,125.733333333333333333333333
0.00121359223301,164,72,92,0.0048692086857,0.462247778411,0.0686426310537,0.00251534830919,11604,126.130434782608695652173913
0.00121359223301,26,8,18,2.1813442524e-05,0.328498508265,0.00303531388773,0.000498139120159,1189,66.055555555555555555555555
0.00121359223301,26,19,7,9.5540946847e-06,0.360645151275,0.0246205365424,0.000639972454714,1441,205.857142857142857142857142
0.00121359223301,26,16,10,0.000101377996961,0.315007584553,0.0114333201977,0.000718539749882,458,45.8
0.00121359223301,26,11,15,0.000915032528181,0.396073768151,0.017236639464,0.000482555201254,2574,171.6
0.00121359223301,26,18,8,7.29750337389e-05,0.357231244126,0.0117380471612,0.000774055146459,925,115.625
0.00121359223301,26,17,9,5.51298433178e-05,0.328384168373,0.00411007962375,0.000851863327308,722,80.222222222222222222222222
0.00121359223301,26,17,9,4.03510708551e-05,0.324655098326,0.0119088836525,0.000720777927873,706,78.444444444444444444444444
0.00121359223301,26,18,8,0.000101557649199,0.359957159762,0.00955572723302,0.00074124666254,1033,129.125
0.00121359223301,26,13,13,0.000109085070467,0.383671295541,0.00720211325055,0.000568279330833,1642,126.307692307692307692307692
0.00121359223301,26,14,12,0.000179105911318,0.401809078252,0.0135918858394,0.000555441589608,2440,203.333333333333333333333333
0.00121359223301,26,18,8,2.03708020877e-05,0.354014152246,0.0145537274978,0.000694846234023,1180,147.5
0.00121359223301,51,23,28,0.000484147219396,0.412526329574,0.0173775423854,0.000855689466842,3592,128.285714285714285714285714
0.00121359223301,51,29,22,0.000123496612684,0.341087388191,0.0163478567951,0.00113625842168,1699,77.227272727272727272727272
0.00121359223301,51,25,26,0.000423692939888,0.395244120543,0.018382500485,0.000949989501434,2684,103.230769230769230769230769
0.00121359223301,51,26,25,0.000445511721265,0.383983604288,0.0176827908173,0.00103118879597,2305,92.2
0.00121359223301,51,27,24,0.000225833544778,0.381037041897,0.0200784624751,0.000857214664336,2852,118.833333333333333333333333
0.00121359223301,126,54,72,0.00348831068003,0.43237750492,0.0347396249391,0.0018779506103,6970,96.805555555555555555555555
0.00121359223301,17,10,7,2.50859822755e-05,0.35790884512,0.0109293944344,0.000446814157826,1001,143.0
0.00121359223301,17,8,9,8.54212156337e-05,0.334437332767,0.00256515996489,0.000520468469872,560,62.222222222222222222222222
0.00121359223301,17,8,9,7.10241030736e-07,0.335269266431,0.00549640010712,0.000418917706343,1109,123.222222222222222222222222
0.00121359223301,17,9,8,3.24685611173e-05,0.326339576526,0.00490779144558,0.000520990521721,547,68.375
0.00121359223301,17,9,8,2.59605877576e-05,0.378135357008,0.00756381883264,0.000433914606321,1285,160.625
0.00121359223301,17,9,8,1.71708036135e-05,0.324878689992,0.00469804766028,0.000463327253862,653,81.625
0.00121359223301,17,10,7,1.77332804302e-05,0.320791470839,0.00293147628744,0.000597197392,572,81.714285714285714285714285
0.00121359223301,17,9,8,8.46739749452e-06,0.370852089519,0.0139433188647,0.000414302205921,1459,182.375
0.00121359223301,17,8,9,6.42026369587e-06,0.341457732803,0.00792875661222,0.000409898175654,988,109.777777777777777777777777
0.00121359223301,17,7,10,2.19761228538e-05,0.327131662877,0.00187768763212,0.000475630510224,755,75.5
0.00121359223301,247,135,112,0.0193927245321,0.477695045942,0.0940402398268,0.00469450610631,11640,103.928571428571428571428571
0.00121359223301,234,108,126,0.00869919021014,0.47793703938,0.109214135798,0.00338930515537,16691,132.468253968253968253968253
0.00121359223301,8,5,3,1.53057920162e-05,0.328612927808,0.00360417446978,0.000352987613039,328,109.333333333333333333333333
0.00121359223301,8,4,4,5.26140216112e-06,0.348007272496,0.00369903463203,0.000337755240616,710,177.5
0.00121359223301,8,4,4,0.000305159028637,0.317445395604,0.00195095614237,0.000299557411741,303,75.75
0.00121359223301,8,5,3,3.20813109147e-06,0.340349103801,0.00428217595367,0.000317757092937,548,182.666666666666666666666666
0.00121359223301,8,4,4,2.84841993416e-05,0.331034286223,0.00188561579995,0.000324317009841,334,83.5
0.00121359223301,8,4,4,1.33357543281e-05,0.338395880824,0.00210065883013,0.000306223664197,573,143.25
0.00121359223301,8,4,4,1.61713677237e-05,0.333963793181,0.00135571437105,0.0002749590165,362,90.5
0.00121359223301,8,7,1,3.7104059593e-07,0.281458149086,0.00443596629004,0.000432747454308,34,34.0
0.00121359223301,8,5,3,2.88770972234e-05,0.302581050589,0.00492165231761,0.000305891014325,156,52.0
0.00121359223301,136,67,69,0.00592141563177,0.433370563039,0.049228876485,0.00231819856796,8309,120.420289855072463768115942
0.00121359223301,136,60,76,0.00564673871369,0.444812690116,0.0544326792666,0.00234195487952,9640,126.842105263157894736842105
0.00121359223301,147,72,75,0.00743337902821,0.463382964507,0.0628080999474,0.00242962663653,8797,117.293333333333333333333333
0.00121359223301,377,156,221,0.0254881370919,0.524428969281,0.135922668656,0.00525150476434,24057,108.855203619909502262443438
0.00121359223301,72,36,36,0.00259777849079,0.39507860793,0.023874522753,0.00198386066335,3225,89.583333333333333333333333
0.00121359223301,72,37,35,0.000474219395558,0.424021445275,0.0419368249542,0.00125852025351,5513,157.514285714285714285714285
0.00121359223301,72,35,37,0.0025082372861,0.412165887172,0.0229314586579,0.00154843315968,4089,110.513513513513513513513513
0.00121359223301,72,42,30,0.00078220295167,0.403355158502,0.0373340912554,0.00140686744003,3954,131.8
0.00121359223301,72,33,39,0.00103898063582,0.416901332628,0.0296586743146,0.00114025568011,5164,132.410256410256410256410256
0.00121359223301,72,46,26,0.00121283901922,0.393759480691,0.0402148535487,0.00166793273262,2587,99.5
0.00121359223301,56,33,23,0.000306000616883,0.402323119717,0.0393756178808,0.00108824038127,3877,168.565217391304347826086956
0.00121359223301,56,33,23,0.000509523742898,0.387771358708,0.0261929738921,0.0011695200926,2714,118.0
0.00121359223301,56,31,25,7.11325844171e-05,0.363143847473,0.0253373331698,0.000994089623763,2922,116.88
0.00121359223301,56,34,22,0.000246431421515,0.38196263795,0.0252162481842,0.00118669846072,2551,115.954545454545454545454545
0.00121359223301,56,28,28,0.000648153475992,0.365819199587,0.0119198247541,0.00111391165446,2006,71.642857142857142857142857
0.00121359223301,56,25,31,0.000284554462735,0.369979496367,0.019209707701,0.00102387962147,2686,86.64516129032258064516129
0.00121359223301,90,89,1,0.000538211313938,0.23939297532,0.0838059402576,0.00307429117218,20,20.0
0.00121359223301,200,92,108,0.013126549644,0.468444744655,0.0543484853047,0.00323278186627,10192,94.37037037037037037037037
0.00121359223301,261,117,144,0.0142252784052,0.487318034988,0.106924998543,0.00384376410873,16812,116.75
0.00121359223301,49,26,23,0.000217134549733,0.370997922035,0.0208378141913,0.00103642376644,2073,90.130434782608695652173913
0.00121359223301,49,24,25,0.000137678635566,0.374979219291,0.0160314601327,0.000842330613208,2584,103.36
0.00121359223301,49,22,27,0.000143166957677,0.385710431617,0.0178619865796,0.000795723647558,2886,106.888888888888888888888888
0.00121359223301,49,20,29,0.000306928971986,0.405087039818,0.0252670457746,0.000746399649202,3976,137.103448275862068965517241
0.00121359223301,49,26,23,0.00017832423698,0.386658899892,0.0237357809889,0.000903592792154,2991,130.043478260869565217391304
0.00121359223301,49,27,22,0.0016400878575,0.394747998216,0.0218674975166,0.00106990315147,2883,131.045454545454545454545454
0.00121359223301,49,29,20,0.000168666602041,0.385552805777,0.0241735407055,0.00104352568173,2561,128.05
0.00121359223301,231,60,171,0.0112187702303,0.491635078549,0.049516995631,0.00240821188692,14626,85.532163742690058479532163
0.00121359223301,99,47,52,0.00146321345074,0.380729505947,0.0274286589296,0.00182952861856,3720,71.538461538461538461538461
0.00121359223301,99,40,59,0.00348444347011,0.430601422061,0.0327461815354,0.00171831663485,6611,112.050847457627118644067796
0.00121359223301,197,103,94,0.00725890116328,0.462021408294,0.0965586067752,0.00336165652646,12714,135.255319148936170212765957
0.00121359223301,216,102,114,0.00762507831936,0.473380690284,0.0886690656575,0.00311488029412,15053,132.043859649122807017543859
0.00121359223301,216,103,113,0.00783034184273,0.472196053922,0.0953051223101,0.00313313795322,14446,127.840707964601769911504424
0.00121359223301,156,75,81,0.00562064608315,0.438608886907,0.0519461731309,0.00276418564784,8075,99.691358024691358024691358
0.00121359223301,238,110,128,0.0131423549492,0.482581951783,0.0948795950487,0.00417374640573,16470,128.671875
0.00121359223301,65,38,27,0.000479234628618,0.406483289847,0.0277971842935,0.00128960936219,3607,133.592592592592592592592592
0.00121359223301,65,33,32,0.00106192247441,0.40948251551,0.0306417258957,0.00118171313811,4029,125.90625
0.00121359223301,65,28,37,0.00145021454048,0.353218912668,0.0109741916139,0.00138360603724,2407,65.054054054054054054054054
0.00121359223301,65,36,29,0.000465705321504,0.41055166046,0.033703883327,0.00130219891684,4368,150.620689655172413793103448
0.00121359223301,65,30,35,0.000660313431207,0.365961099975,0.00950924655078,0.00152039257846,2411,68.885714285714285714285714
0.00121359223301,106,46,60,0.00290458663448,0.446496789274,0.0525042121426,0.00153238141027,8628,143.8
0.00121359223301,106,52,54,0.00244128744076,0.428645032138,0.0398270449894,0.00172712750989,6754,125.074074074074074074074074
0.00121359223301,193,81,112,0.00464940888084,0.464981624315,0.0759745672617,0.00239702393966,13251,118.3125
0.00121359223301,167,73,94,0.00882267122825,0.448619931401,0.0588367385172,0.00239856832886,9446,100.489361702127659574468085
0.00121359223301,167,86,81,0.00611566262662,0.443349490477,0.0776729884349,0.00294963562687,9917,122.432098765432098765432098
0.00121359223301,38,15,23,0.000161045331438,0.366529804093,0.00649480641001,0.000691837491804,1630,70.869565217391304347826086
0.00121359223301,38,18,20,0.000150772321518,0.358044673904,0.0132984618277,0.000693827595512,1720,86.0
0.00121359223301,38,25,13,0.00120995773401,0.377832485277,0.0201687672006,0.000919392522313,1476,113.538461538461538461538461
0.00121359223301,38,20,18,0.000202439331825,0.352954626164,0.0115937755909,0.000781022462495,1249,69.388888888888888888888888
0.00121359223301,38,19,19,0.000137130362586,0.388409928257,0.0186241536809,0.000764581404035,2925,153.947368421052631578947368
0.00121359223301,38,21,17,0.00018239135898,0.368102893381,0.0153661760202,0.000836950412129,1968,115.764705882352941176470588
0.00121359223301,38,17,21,4.84335061778e-05,0.360783065291,0.0122617143803,0.000654812220937,2237,106.523809523809523809523809
0.00121359223301,38,22,16,0.000533377828363,0.380575924056,0.0138363193788,0.00125304936739,2283,142.6875
0.00121359223301,38,20,18,0.000321191276132,0.373199254642,0.0134681827589,0.000865466446157,1935,107.5
0.00121359223301,38,19,19,0.000227709154071,0.329301122421,0.00469086484889,0.000890877807295,1259,66.263157894736842105263157
0.00121359223301,38,20,18,8.4049936539e-05,0.405087039818,0.022441423094,0.000778993047693,3677,204.277777777777777777777777
0.00121359223301,38,20,18,0.000468312973279,0.36695749348,0.0102482758681,0.000965307396903,1415,78.611111111111111111111111
0.00121359223301,47,23,24,0.00027549249461,0.35886181656,0.0118882983796,0.000873483965603,1966,81.916666666666666666666666
0.00121359223301,47,23,24,0.000141531666144,0.365535728685,0.0165943528672,0.000932346702858,2262,94.25
0.00121359223301,47,32,15,0.000127310552327,0.367100278497,0.0209237527885,0.00110004879331,1925,128.333333333333333333333333
0.00121359223301,47,16,31,0.00102661118975,0.383048199649,0.0131607724026,0.00072920280487,1979,63.838709677419354838709677
0.00121359223301,47,23,24,0.000255417906473,0.40948251551,0.0263892507384,0.000828843083077,4142,172.583333333333333333333333
0.00121359223301,47,20,27,0.000364399105662,0.413249108951,0.0204641127431,0.000759530903618,4100,151.851851851851851851851851
0.00121359223301,47,24,23,0.000237447974431,0.405261046278,0.0229289896682,0.000835387930981,3736,162.434782608695652173913043
0.00121359223301,47,22,25,0.000356457512131,0.385395308716,0.0182403857546,0.000836845953213,2838,113.52
0.00121359223301,47,25,22,0.000361158266805,0.383671295541,0.0207977398855,0.000957782635886,2622,119.181818181818181818181818
0.00121359223301,47,28,19,0.000109425793053,0.366103110491,0.0182308460504,0.00102359697861,2169,114.157894736842105263157894
0.00121359223301,47,24,23,0.000126444931549,0.389532500304,0.0175715221211,0.000847294249445,2990,130.0
0.00121359223301,47,22,25,0.000151141148683,0.374235508027,0.0144796106228,0.000989539811816,2404,96.16
0.00121359223301,142,73,69,0.0053049567221,0.433370563039,0.0699222854724,0.00260258272515,8626,125.014492753623188405797101
0.00121359223301,142,76,66,0.00451911741091,0.434568270721,0.0711073508125,0.00285708180532,9102,137.90909090909090909090909
0.00121359223301,142,69,73,0.00306645741461,0.441689005494,0.0615707403421,0.00230476280075,9334,127.863013698630136986301369
0.00121359223301,142,67,75,0.00438251171814,0.4427253476,0.0623888214462,0.00219313429866,9117,121.56
0.00121359223301,22,11,11,4.73924423092e-05,0.333138317703,0.0058272511665,0.000574481963428,745,67.727272727272727272727272
0.00121359223301,22,11,11,5.88204797372e-05,0.377077424355,0.00850321247814,0.000608273803151,1648,149.818181818181818181818181
0.00121359223301,22,9,13,0.000212274505001,0.347366611096,0.00470092623727,0.000537928261167,926,71.230769230769230769230769
0.00121359223301,22,20,2,4.07942357742e-06,0.313437779314,0.013194819315,0.000735573374296,220,110.0
0.00121359223301,22,8,14,0.000507042811631,0.336584985992,0.00326512542025,0.000499763370244,983,70.214285714285714285714285
0.00121359223301,22,7,15,0.000104683534731,0.369255466042,0.00677451473074,0.000380926222939,1581,105.4
0.00121359223301,22,11,11,0.000543772675973,0.369255466042,0.00524652909995,0.000624858548731,1320,120.0
0.00121359223301,22,13,9,0.000100001543692,0.353748674817,0.00580441021394,0.000573751042736,1048,116.444444444444444444444444
0.00121359223301,22,13,9,3.42390600611e-05,0.365819199587,0.0114180343577,0.000580985337698,1429,158.777777777777777777777777
0.00121359223301,128,62,66,0.00388091046339,0.4427253476,0.0592060173489,0.00204956223113,8769,132.863636363636363636363636
0.00121359223301,133,67,66,0.00722829152901,0.431388987534,0.0369886887754,0.00303617107643,6738,102.090909090909090909090909
0.00121359223301,250,126,124,0.014499380033,0.488326975019,0.107703060286,0.00409704767112,14726,118.758064516129032258064516
0.00121359223301,122,59,63,0.00385714757976,0.41433803941,0.0434741267344,0.00190866175154,6415,101.825396825396825396825396
0.00121359223301,122,64,58,0.0029812288614,0.423450500779,0.0574866407433,0.00190609789062,7342,126.586206896551724137931034
0.00121359223301,122,62,60,0.00284590167963,0.429425450949,0.0488999009592,0.00215224153168,6862,114.366666666666666666666666
0.00121359223301,122,57,65,0.00192661075837,0.43820144716,0.0553091806943,0.00166159954224,9108,140.123076923076923076923076
0.00121359223301,122,39,83,0.00607288755295,0.437591704887,0.0293937386963,0.00136840237688,6723,81.0
0.00121359223301,122,53,69,0.00341276352836,0.407009368307,0.0254694478954,0.00201157811491,5170,74.927536231884057971014492
0.00121359223301,163,85,78,0.00521139287054,0.456212628499,0.0718752370208,0.00264249854316,9988,128.051282051282051282051282
0.00121359223301,63,32,31,0.00236207776638,0.398247241763,0.0289409073501,0.00112807409904,3957,127.64516129032258064516129
0.00121359223301,63,32,31,0.00146400501093,0.403182784503,0.0171826991956,0.0011836619828,2901,93.580645161290322580645161
0.00121359223301,13,6,7,3.40059069508e-05,0.339981158824,0.00397092611229,0.000394148355965,727,103.857142857142857142857142
0.00121359223301,13,6,7,3.21022929409e-05,0.316805814552,0.00178409765507,0.000420847459076,393,56.142857142857142857142857
0.00121359223301,13,9,4,2.00264724619e-05,0.330454541414,0.00706835429569,0.00046644098688,392,98.0
0.00121359223301,13,8,5,4.51439836658e-05,0.345838605475,0.00348207475339,0.000473103127694,694,138.8
0.00121359223301,13,7,6,1.25114167325e-05,0.342822571125,0.0061516927011,0.000426422084744,689,114.833333333333333333333333
0.00121359223301,13,6,7,8.01165587025e-05,0.352558937121,0.00417103675856,0.000378738645262,961,137.285714285714285714285714
0.00121359223301,13,8,5,1.11419687482e-05,0.347111006525,0.00618533800512,0.000425045260033,636,127.2
0.00121359223301,13,7,6,1.3307541297e-05,0.347622592386,0.00438959933346,0.000462577254908,660,110.0
0.00121359223301,13,10,3,6.72346471015e-05,0.336344996697,0.0079162977995,0.000650094179397,363,121.0
0.00121359223301,13,7,6,8.84939088991e-06,0.348007272496,0.00438959933346,0.000462577254908,667,111.166666666666666666666666
0.00121359223301,4,2,2,0.0,0.27987176379,0.000584754712878,0.000269217770338,83,41.5
0.00121359223301,4,3,1,1.20165546595e-05,0.316062886344,0.000303819152387,0.000378449856896,228,228.0
0.00121359223301,4,2,2,0.0,0.319596109667,0.00154225718656,0.00025401776215,220,110.0
0.00121359223301,4,2,2,0.0,0.308014272196,0.00171477194093,0.000277124953356,216,108.0
0.00121359223301,4,3,1,4.12694482275e-07,0.290918197883,0.00150711269567,0.000280738848915,55,55.0
0.00121359223301,4,1,3,4.51125036727e-06,0.316699468189,0.000146451581206,0.000283777596216,292,97.333333333333333333333333
0.00121359223301,4,3,1,0.0,0.247884318375,0.000783833200886,0.000348887063272,20,20.0
0.00121359223301,4,1,3,0.0,0.31208988281,0.000202578564973,0.000242313334951,227,75.666666666666666666666666
0.00121359223301,4,3,1,0.000846023688663,0.234746881248,0.00310088689549,0.000268608729105,2,2.0
0.00121359223301,4,3,1,1.95177677247e-07,0.295937175576,0.00309352281851,0.000283554242509,117,117.0
0.00121359223301,4,3,1,3.5609089233e-07,0.290918197883,0.00106325633099,0.000322305874022,55,55.0
0.00121359223301,4,2,2,0.0,0.315745554129,0.00113321547786,0.00026814020359,264,132.0
0.00121359223301,4,3,1,5.51139246383e-07,0.299317168698,0.00317396450241,0.00023503364651,108,108.0
0.00121359223301,4,2,2,0.000109081505237,0.326226734349,0.00276546274149,0.000254018775903,254,127.0
0.00121359223301,4,3,1,1.64706623047e-06,0.286936653204,0.00109200403898,0.000293552224914,60,60.0
0.00121359223301,116,63,53,0.00369946119223,0.433171586656,0.0504228143601,0.00243542468976,6949,131.113207547169811320754716
0.00121359223301,116,54,62,0.0049281192575,0.427479708082,0.0268255512577,0.00260912240417,5723,92.306451612903225806451612
0.00121359223301,116,53,63,0.00321648335402,0.440451781389,0.0492466474359,0.00201238810405,6396,101.523809523809523809523809
0.00121359223301,116,61,55,0.00158545417068,0.417639537732,0.0547464040861,0.00189033600562,6734,122.436363636363636363636363
0.00121359223301,116,41,75,0.00331514777105,0.418194909457,0.0292289132509,0.00156095887629,5479,73.053333333333333333333333
0.00121359223301,68,28,40,0.00159916822021,0.391797224143,0.0188418109167,0.00104039419454,3759,93.975
0.00121359223301,68,34,34,0.00126879466063,0.415067186861,0.0345802575925,0.00150526039744,4533,133.323529411764705882352941
0.00121359223301,68,28,40,0.000781168381872,0.396240115807,0.0151045952388,0.00113291397872,3181,79.525
0.00121359223301,86,45,41,0.00236705847448,0.430208716706,0.0364878654551,0.00144760566003,5997,146.268292682926829268292682
0.00121359223301,86,45,41,0.0019083059771,0.400955255306,0.0372258000249,0.00149308926873,4403,107.390243902439024390243902
0.00121359223301,86,40,46,0.00100733091399,0.422881091769,0.0341181471765,0.00146181487569,6180,134.347826086956521739130434
0.00121359223301,86,48,38,0.00209890342359,0.402494759273,0.0322013497244,0.00197293616749,3747,98.605263157894736842105263
0.00121359223301,86,39,47,0.00125313639887,0.370269904135,0.014802857171,0.00170151485303,2958,62.93617021276595744680851
0.00121359223301,211,100,111,0.00689271670901,0.469844479948,0.100371122374,0.00299576718492,14825,133.558558558558558558558558
0.00121359223301,52,24,28,0.000626875664478,0.390823411655,0.010415733368,0.00110165558133,2483,88.678571428571428571428571
0.00121359223301,52,25,27,0.000455932054364,0.365819199587,0.020355796642,0.000918932275018,2966,109.851851851851851851851851
0.00121359223301,52,27,25,0.000867289013726,0.375576319959,0.00991569628689,0.00113531869131,1913,76.52
0.00121359223301,52,29,23,0.00082018299501,0.397575944263,0.0159358737438,0.00117450742899,2522,109.652173913043478260869565
0.00121359223301,52,21,31,0.000249617114986,0.373346939349,0.0126908905731,0.000866435601215,2529,81.580645161290322580645161
0.00121359223301,52,18,34,0.00132612582038,0.399765981244,0.0165454976705,0.000871466501696,4018,118.176470588235294117647058
0.00121359223301,52,26,26,0.00144500188086,0.396073768151,0.0247171348411,0.00118719478883,3272,125.846153846153846153846153
0.00121359223301,52,26,26,0.00131257753438,0.390015591458,0.0118389328598,0.000963830496514,2293,88.192307692307692307692307
0.00121359223301,52,31,21,0.000333345766947,0.371582400841,0.0241966757459,0.00105695988994,2304,109.714285714285714285714285
0.00121359223301,27,16,11,6.23872148303e-05,0.35669100784,0.0126218461013,0.000685641912175,1357,123.363636363636363636363636
0.00121359223301,27,5,22,6.99453586148e-05,0.372462580235,0.0037333885506,0.000297356565477,2103,95.590909090909090909090909
0.00121359223301,27,13,14,1.74871961854e-05,0.344449695413,0.00850605608002,0.000568309556493,1425,101.785714285714285714285714
0.00121359223301,27,16,11,9.72801699508e-05,0.361059210002,0.0100939222273,0.000669152432261,1131,102.818181818181818181818181
0.00121359223301,27,14,13,5.5085074539e-05,0.360232041136,0.00886939662288,0.000787101411279,1213,93.307692307692307692307692
0.00121359223301,27,13,14,0.000376402038801,0.392285952489,0.00836837560309,0.000564610154337,1777,126.928571428571428571428571
0.00121359223301,77,45,32,0.000791992083567,0.398415420497,0.0491597704777,0.00148984319132,4667,145.84375
0.00121359223301,77,31,46,0.00114363853156,0.422691628914,0.0318195410549,0.00109860866029,6170,134.130434782608695652173913
0.00121359223301,77,38,39,0.00059046182367,0.423070724545,0.0428392980387,0.00135967513383,6624,169.846153846153846153846153
0.00121359223301,77,38,39,0.00089712907074,0.416349389116,0.0310929920968,0.00128888828719,5361,137.461538461538461538461538
0.00121359223301,77,40,37,0.00177695812395,0.402151626486,0.0239881490029,0.00144953911956,3218,86.972972972972972972972972
0.00121359223301,77,46,31,0.000382196446896,0.380269131695,0.0343244457031,0.00153311940767,3658,118.0
0.00121359223301,77,44,33,0.00177180272362,0.415798905128,0.0280513968893,0.00164286815768,3646,110.484848484848484848484848
0.00121359223301,64,28,36,0.0024140082484,0.411446888677,0.0258608959231,0.00109171846459,4205,116.805555555555555555555555
0.00121359223301,64,39,25,0.000887728440268,0.372462580235,0.0226047006173,0.00149797963067,2123,84.92
0.00121359223301,64,38,26,0.00109853719595,0.385395308716,0.0235424640943,0.00147430386751,2792,107.384615384615384615384615
0.00121359223301,64,35,29,0.00108232917725,0.380575924056,0.0218548668563,0.00142885097231,2328,80.27586206896551724137931
0.00121359223301,87,39,48,0.000829312075594,0.382892741776,0.0292980068674,0.00140701409531,4206,87.625
0.00121359223301,102,9,93,0.00334558569308,0.438405072368,0.00762421218811,0.000424976521002,5498,59.118279569892473118279569
0.00121359223301,102,50,52,0.00131586646268,0.398920810036,0.0320627075249,0.00198346819347,5318,102.26923076923076923076923
0.00121359223301,43,21,22,0.000264260256675,0.402666545342,0.0229434504382,0.000810273663739,3817,173.5
0.00121359223301,43,21,22,0.00107475782619,0.397241143468,0.0127634696452,0.0010043903856,2349,106.772727272727272727272727
0.00121359223301,43,20,23,0.000370675707103,0.375725892368,0.0102281217134,0.000954565263381,1842,80.086956521739130434782608
0.00121359223301,43,27,16,0.000561842281959,0.367100278497,0.0159697761416,0.00123627358493,1741,108.8125
0.00121359223301,43,24,19,0.000141004347971,0.386500498048,0.01780813941,0.000910411831733,2508,132.0
0.00121359223301,43,21,22,9.12044603318e-05,0.346473637802,0.0161575407917,0.000817247131423,2223,101.045454545454545454545454
0.00121359223301,43,37,6,0.000245219583427,0.350463490244,0.0304310663795,0.00130472461906,709,118.166666666666666666666666
0.00121359223301,43,27,16,0.000267056553943,0.324543417866,0.00587227472302,0.00125618675792,803,50.1875
0.00121359223301,93,46,47,0.00130645139153,0.428450370452,0.0427627077766,0.00145035697115,7435,158.191489361702127659574468
0.00121359223301,93,49,44,0.00205231375026,0.412706787286,0.0360465728472,0.00167262987993,4761,108.204545454545454545454545
0.00121359223301,93,51,42,0.00165609738538,0.419310095883,0.0450725104306,0.00165667759667,4318,102.809523809523809523809523
0.00121359223301,34,16,18,0.000687344146059,0.367243174673,0.0087968303201,0.000873885119458,1487,82.611111111111111111111111
0.00121359223301,34,17,17,0.000194742096549,0.38825008878,0.0144992076019,0.000750101394195,2299,135.235294117647058823529411
0.00121359223301,34,2,32,0.000883717204409,0.391797224143,0.00131546975337,0.000253769966837,3186,99.5625
0.00121359223301,34,16,18,0.00234943655339,0.407009368307,0.0220862077846,0.000871048127499,3941,218.944444444444444444444444
0.00121359223301,34,15,19,0.00121270053642,0.394913233879,0.00873250230332,0.00111083262373,2295,120.789473684210526315789473
0.00121359223301,34,17,17,0.000147229013342,0.338517300228,0.00585154880692,0.000831704811503,1188,69.882352941176470588235294
0.00121359223301,34,20,14,7.4688136871e-05,0.3850807003,0.0118356781774,0.000810381977638,1723,123.071428571428571428571428
0.00121359223301,34,17,17,0.000318079821307,0.390499882341,0.00977440888868,0.00076280318845,1767,103.941176470588235294117647
0.00121359223301,34,21,13,0.00023412195579,0.362724996438,0.0142077186135,0.000997469133049,1402,107.846153846153846153846153
0.00121359223301,34,10,24,2.79927989467e-05,0.357096031694,0.00755829184537,0.000479087981339,2033,84.708333333333333333333333
0.00121359223301,34,18,16,0.000173026287668,0.382737410035,0.0157192060369,0.000734694038382,2112,132.0
0.00121359223301,34,10,24,0.00019182457166,0.385868186395,0.0112544985871,0.000435308242771,2775,115.625
0.00121359223301,18,5,13,0.000904670815263,0.384609749587,0.00711973680743,0.000314684417431,2093,161.0
0.00121359223301,18,15,3,5.21336671778e-06,0.315428858487,0.00775586932182,0.000670174133708,347,115.666666666666666666666666
0.00121359223301,18,8,10,3.80830715332e-05,0.363844086285,0.00595858315562,0.000429309436912,1211,121.1
0.00121359223301,18,10,8,4.11914444964e-05,0.335627077814,0.00588659330078,0.000579197542416,601,75.125
0.00121359223301,18,8,10,4.22908569171e-05,0.335031149054,0.00437487233444,0.000441031727623,677,67.7
0.00121359223301,18,10,8,0.000184994457432,0.331732670793,0.00364804895553,0.000529614397054,368,46.0
0.00121359223301,9,8,1,3.23815080415e-07,0.281542141372,0.00395219531668,0.000466015008018,72,72.0
0.00121359223301,9,4,5,0.0,0.319812784995,0.00275217142222,0.000334860116418,431,86.2
0.00121359223301,9,8,1,2.43821418987e-06,0.300556774685,0.0045259694462,0.000419943027199,96,96.0
0.00121359223301,9,1,8,1.41281132618e-06,0.330223211668,0.000128253270808,0.000258983076564,700,87.5
0.00121359223301,9,7,2,1.57015832753e-06,0.30621477304,0.00518986827318,0.000395744342733,147,73.5
0.00121359223301,9,5,4,1.55994826494e-06,0.301228517157,0.00136862898771,0.000385186338838,322,80.5
0.00121359223301,9,7,2,1.31551913826e-06,0.330918174583,0.00477223292117,0.000463281806114,454,227.0
0.00121359223301,176,47,129,0.00842194717592,0.479881849306,0.0386874903537,0.00177811909528,11851,91.868217054263565891472868
0.00121359223301,105,48,57,0.00623319075835,0.40473947479,0.0237986223185,0.00182168565271,4762,83.543859649122807017543859
0.00121359223301,139,76,63,0.00239712383372,0.436983657126,0.0818366190498,0.00226590944863,10084,160.063492063492063492063492
0.00121359223301,139,65,74,0.00485862165797,0.441689005494,0.0535444331323,0.00220709749796,8963,121.121621621621621621621621
0.00121359223301,139,52,87,0.0016298521028,0.465440412302,0.0529594556075,0.00158383260002,11062,127.149425287356321839080459
0.00121359223301,112,29,83,0.00264741953359,0.441069525823,0.0192932165612,0.0011389978322,6933,83.530120481927710843373493
0.00121359223301,112,48,64,0.00157699601703,0.403527679956,0.0290418722289,0.00158614672228,5496,85.875
0.00121359223301,112,53,59,0.00195298856201,0.415615733804,0.0386173263687,0.00184245083259,6179,104.728813559322033898305084
0.00121359223301,240,131,109,0.0104331705518,0.477695045942,0.120081530489,0.00450949953734,14924,136.917431192660550458715596
0.00121359223301,162,91,71,0.00747921025434,0.445653148671,0.085186402592,0.00303944755493,9800,138.028169014084507042253521
0.00121359223301,48,23,25,0.000528824477424,0.399258449317,0.0132609745508,0.000931045153885,2519,100.76
0.00121359223301,48,27,21,0.000374625164529,0.397575944263,0.0256993352387,0.000953453409004,3410,162.380952380952380952380952
0.00121359223301,48,25,23,0.000302923304724,0.380422466023,0.0182426562852,0.000956728620148,2653,115.347826086956521739130434
0.00121359223301,48,14,34,0.00107730925206,0.363143847473,0.00630251720088,0.000760636471316,2840,83.529411764705882352941176
0.00121359223301,48,24,24,0.000517893648805,0.382892741776,0.0144476955384,0.00100322563354,2247,93.625
0.00121359223301,48,23,25,3.0950972153e-05,0.37187533139,0.0161933841133,0.000789079128825,2685,107.4
0.00121359223301,48,29,19,0.00169641521755,0.379199242659,0.0270876481953,0.00115700316181,2129,112.052631578947368421052631
0.00121359223301,146,74,72,0.00664588754659,0.444184423605,0.0571632378208,0.0027742496133,8051,111.819444444444444444444444
0.00121359223301,173,79,94,0.00603086010868,0.471488113811,0.063281276071,0.00271385893307,10754,114.404255319148936170212765
0.00121359223301,173,91,82,0.012267639734,0.444603070564,0.0759856091996,0.0034595663261,9664,117.853658536585365853658536
0.00121359223301,41,18,23,0.000343754923332,0.324543417866,0.00450267611238,0.000901777357625,1241,53.956521739130434782608695
0.00121359223301,41,22,19,0.00058822928187,0.342822571125,0.00637335788468,0.00104893143768,1142,60.105263157894736842105263
0.00121359223301,41,23,18,0.000147338846787,0.354812980721,0.0157132806557,0.000869499652138,1759,97.722222222222222222222222
0.00121359223301,41,24,17,0.000169367104912,0.323209220876,0.00887565249344,0.00106610113675,949,55.823529411764705882352941
0.00121359223301,41,28,13,0.00016495358834,0.396906906073,0.0222132732408,0.000992838286399,2563,197.153846153846153846153846
0.00121359223301,41,27,14,0.000220154034225,0.370124643286,0.0164899498822,0.00104232912239,1606,114.714285714285714285714285
0.00121359223301,41,22,19,0.000437206600905,0.368534263959,0.0104396362552,0.00107545764997,1634,86.0
0.00121359223301,41,22,19,0.000120507694104,0.350203309479,0.013940915167,0.000900115674128,1506,79.263157894736842105263157
0.00121359223301,41,21,20,0.000503835391477,0.390985377429,0.0168423677561,0.000794807598979,2576,128.8
0.00121359223301,41,27,14,0.000218193596608,0.374384014181,0.0163762217808,0.00105577539792,1718,122.714285714285714285714285
0.00121359223301,41,19,22,0.000178413371478,0.354946469427,0.00827086504202,0.000833757632496,1730,78.636363636363636363636363
0.00121359223301,41,20,21,0.000267775119076,0.359682697574,0.00843164038855,0.000904185257915,1608,76.571428571428571428571428
0.00121359223301,41,19,22,0.000242398247899,0.403355158502,0.0245049074242,0.00073630666022,3551,161.40909090909090909090909
0.00121359223301,23,8,15,1.75147651082e-05,0.399089558264,0.0129014310582,0.000385278134588,2808,187.2
0.00121359223301,23,11,12,0.000137825938647,0.301420995443,0.0024827929719,0.000985866936531,487,40.583333333333333333333333
0.00121359223301,23,13,10,5.08115534213e-05,0.319163638612,0.00691592309826,0.000645556259575,548,54.8
0.00121359223301,23,11,12,7.34335526069e-05,0.372462580235,0.00871303720415,0.000521101917729,1490,124.166666666666666666666666
0.00121359223301,23,16,7,8.16803041436e-05,0.322766922934,0.00806247903687,0.000807049475381,495,70.714285714285714285714285
0.00121359223301,23,9,14,0.000184272900789,0.358998369763,0.00914547601505,0.000449139901852,1330,95.0
0.00121359223301,23,11,12,5.34422373109e-05,0.381653606689,0.0101191243414,0.000515606020041,1705,142.083333333333333333333333
0.00121359223301,23,16,7,1.81404505252e-05,0.347750724562,0.0103792405115,0.000596392562129,935,133.571428571428571428571428
0.00121359223301,23,22,1,3.36728726372e-05,0.31044676398,0.0186237738336,0.000728363402953,217,217.0
0.00121359223301,89,38,51,0.00114916979994,0.391309712043,0.0185844468693,0.00163546875103,4377,85.823529411764705882352941
0.00121359223301,89,44,45,0.00114160162538,0.430208716706,0.0520928919367,0.00134040217364,7612,169.155555555555555555555555
0.00121359223301,89,42,47,0.00126002364479,0.420431245872,0.0340858974339,0.00151974879557,5595,119.042553191489361702127659
0.00121359223301,89,69,20,0.000736784896478,0.381653606689,0.0575016949481,0.00224556552245,2557,127.85
0.00121359223301,354,153,201,0.0388917004065,0.512186599205,0.0994458323676,0.00573201569555,19101,95.02985074626865671641791
0.00121359223301,83,40,43,0.00285730235723,0.426320702999,0.017904458763,0.0016331070934,4488,104.372093023255813953488372
0.00121359223301,83,39,44,0.000540235814227,0.421935472154,0.0473487486792,0.00126429804155,6062,137.772727272727272727272727
0.00121359223301,83,40,43,0.00268403595196,0.43718615187,0.0358842154783,0.00150260652346,6524,151.72093023255813953488372
0.00121359223301,39,25,14,6.87243937988e-05,0.374532638244,0.0303735753605,0.000921290225038,2278,162.714285714285714285714285
0.00121359223301,39,13,26,0.000432873031349,0.40473947479,0.00633823620299,0.000595292843356,3036,116.76923076923076923076923
0.00121359223301,39,19,20,0.000357616244288,0.377681231279,0.00969652972703,0.000865524982041,1946,97.3
0.00121359223301,39,22,17,0.000120324585206,0.36738618214,0.0164604070531,0.000833796467874,1808,106.352941176470588235294117
0.00121359223301,39,21,18,0.000143508394903,0.339491801272,0.0112339493811,0.000882423993117,1271,70.611111111111111111111111
0.00121359223301,39,16,23,0.000949367833791,0.394417941361,0.0142076340663,0.000692388192427,2699,117.347826086956521739130434
0.00121359223301,39,22,17,0.000116575651484,0.403527679956,0.0230116201228,0.000805846106245,2879,169.352941176470588235294117
0.00121359223301,159,76,83,0.00603638164836,0.455112260365,0.054342667535,0.002313379616,9400,113.253012048192771084337349
0.00121359223301,98,51,47,0.000977411498238,0.42005686364,0.0514182307754,0.00160861417367,6638,141.234042553191489361702127
0.00121359223301,95,52,43,0.00172257214118,0.413430199709,0.0477518086952,0.00191319056807,5666,131.767441860465116279069767
0.00121359223301,95,45,50,0.00199246930946,0.402666545342,0.0264017756474,0.00183001220224,4977,99.54
0.00121359223301,95,42,53,0.00160857792046,0.419310095883,0.0333615031585,0.0014143492648,4786,90.301886792452830188679245
0.00121359223301,14,8,6,1.10789932217e-05,0.388569899397,0.0134732355,0.000400311503551,1896,316.0
0.00121359223301,14,8,6,5.07302364798e-05,0.351770214667,0.00532104954914,0.00044891911709,615,102.5
0.00121359223301,14,13,1,8.59638711493e-06,0.297617575942,0.00920979097885,0.000621044500227,116,116.0
0.00121359223301,14,8,6,3.8710263557e-05,0.354413116355,0.00802124771871,0.000422088606933,787,131.166666666666666666666666
0.00121359223301,14,11,3,1.0022234483e-05,0.263827661,0.00226421585922,0.000774877119359,138,46.0
0.00121359223301,14,5,9,7.03605508402e-05,0.365961099975,0.00386527870696,0.000343313706532,1109,123.222222222222222222222222
0.00121359223301,14,13,1,2.69462405349e-05,0.321776164985,0.00682051638094,0.000684186033325,217,217.0
0.00121359223301,14,8,6,6.05137899129e-05,0.348135688463,0.005734838649,0.000472834000549,769,128.166666666666666666666666
0.00121359223301,14,5,9,2.74588298894e-06,0.334793369672,0.00393641256946,0.000336240043152,775,86.111111111111111111111111
0.00121359223301,14,7,7,3.97315438113e-06,0.384139949404,0.0100618636379,0.000361397740861,2033,290.428571428571428571428571
0.00121359223301,14,10,4,2.95898979317e-06,0.31691223236,0.00687500386995,0.000477087242813,389,97.25
0.00121359223301,14,10,4,0.000252441192424,0.324431814215,0.00446116930348,0.000629879407819,362,90.5
0.00121359223301,134,70,64,0.00210017296824,0.44314124741,0.0783821257462,0.00220627758426,10167,158.859375
0.00121359223301,544,211,333,0.0749313864804,0.568341997431,0.148983847816,0.00752322325341,28199,84.681681681681681681681681
0.00121359223301,82,46,36,0.000869509142164,0.415982237979,0.0329217110237,0.00153175924378,4615,128.194444444444444444444444
0.00121359223301,82,46,36,0.000884932905325,0.412887402948,0.0415253210908,0.00161846855235,5010,139.166666666666666666666666
0.00121359223301,82,40,42,0.000328460544294,0.426513433877,0.0570525066686,0.00123740237652,7873,187.45238095238095238095238
0.00121359223301,82,37,45,0.000357702649177,0.431388987534,0.0430669618098,0.00106510438978,7917,175.933333333333333333333333
0.00121359223301,5,2,3,3.28249911381e-06,0.311883542392,0.000895952144437,0.000282750921099,225,75.0
0.00121359223301,5,4,1,7.64562526759e-07,0.25883339252,0.000352021862256,0.000464867699745,29,29.0
0.00121359223301,5,2,3,2.98881046668e-06,0.30681226528,0.00119993865002,0.000269670910341,198,66.0
0.00121359223301,5,2,3,2.80594054366e-07,0.321666456098,0.000813595929514,0.000237617015046,335,111.666666666666666666666666
0.00121359223301,5,4,1,1.10572987082e-05,0.251251056121,0.00113159345212,0.000466519614592,6,6.0
0.00121359223301,5,2,3,0.0,0.276752043337,0.000250046299815,0.000262980501709,74,24.666666666666666666666666
0.00121359223301,5,2,3,8.7107260194e-06,0.307111886633,0.000439929572187,0.000242872522151,172,57.333333333333333333333333
0.00121359223301,5,4,1,4.00104269646e-06,0.228216670473,0.000747061269753,0.000777951621589,6,6.0
0.00121359223301,5,0,5,0.0,0.330215190838,0.0,0.000198382776707,513,102.6
0.00121359223301,5,2,3,0.0,0.335866043338,0.00194589393111,0.000251966884747,557,185.666666666666666666666666
0.00121359223301,5,0,5,0.0,0.339829651823,0.0,0.000198382776707,754,150.8
0.00121359223301,78,38,40,0.00138824499647,0.380269131695,0.0103861052651,0.00171945899462,2793,69.825
0.00121359223301,78,38,40,0.00190230038339,0.412346029605,0.0267107992704,0.00137433570201,4337,108.425
0.00121359223301,78,43,35,0.000891460972665,0.405958569594,0.0380832149674,0.0014703863602,4140,118.285714285714285714285714
0.00121359223301,78,40,38,0.00145212918053,0.427286103141,0.0393017795799,0.00145612608199,5516,145.157894736842105263157894
0.00121359223301,78,35,43,0.00351103239856,0.417270108685,0.0151419669764,0.00168915310929,3772,87.72093023255813953488372
0.00121359223301,78,38,40,0.000360181556021,0.375725892368,0.0281523122899,0.00124727556078,3997,99.925
0.00121359223301,78,35,43,0.00241831035526,0.408950028494,0.02058146579,0.00142070937939,3843,89.372093023255813953488372
0.00121359223301,78,39,39,0.000964116066198,0.419310095883,0.0369102468629,0.00132130847689,4883,125.205128205128205128205128
0.00121359223301,117,60,57,0.00296821729897,0.424021445275,0.059029832324,0.00241455732116,7692,134.947368421052631578947368
0.00121359223301,28,13,15,0.000108670897817,0.342200839948,0.00447088377627,0.000624986713866,1016,67.733333333333333333333333
0.00121359223301,28,17,11,0.00014762086833,0.356152403071,0.0120969017512,0.00083346242758,1192,108.363636363636363636363636
0.00121359223301,28,16,12,6.07243017265e-05,0.372168724156,0.0145879906505,0.000671120602013,1561,130.083333333333333333333333
0.00121359223301,28,18,10,4.5350059224e-05,0.328041625777,0.00695782574313,0.000686818676192,800,80.0
0.00121359223301,28,15,13,0.000112822014411,0.387452860672,0.0136786981238,0.000593745286763,2499,192.230769230769230769230769
0.00121359223301,28,12,16,0.000277328054699,0.378742559509,0.0109869508896,0.000644697859165,1935,120.9375
0.00121359223301,28,18,10,0.000127606609273,0.353616085358,0.00916124021899,0.000888356530157,1130,113.0
0.00121359223301,53,31,22,0.00037915638983,0.367243174673,0.0185741271552,0.00116074428772,2000,90.90909090909090909090909
0.00121359223301,53,31,22,0.000125661005747,0.355213748395,0.0211031143247,0.00115989775188,2121,96.40909090909090909090909
0.00121359223301,69,34,35,0.00121885090593,0.412887402948,0.0276181344591,0.00108633555305,4587,131.057142857142857142857142
0.00121359223301,69,23,46,0.000355853548854,0.442933199876,0.0333537273503,0.000718295723305,8683,188.760869565217391304347826
0.00121359223301,69,31,38,0.000614912814995,0.43820144716,0.0340016872143,0.000990692231646,5316,139.894736842105263157894736
0.00121359223301,69,36,33,0.000645837597648,0.397575944263,0.0196430228361,0.00135275266642,3219,97.545454545454545454545454
0.00121359223301,44,19,25,0.000312638925762,0.414702292631,0.0272308132944,0.000599180710659,4688,187.52
0.00121359223301,44,18,26,0.000151712366279,0.354812980721,0.00933003208015,0.000846356270889,2045,78.653846153846153846153846
0.00121359223301,44,27,17,0.000274840502712,0.362585594057,0.015144624484,0.00109696146855,1706,100.352941176470588235294117
0.00121359223301,44,21,23,0.00013661836184,0.379809869459,0.0171254007135,0.000824137507481,2749,119.521739130434782608695652
0.00121359223301,44,22,22,0.000164239873088,0.340964118445,0.0131166075627,0.000900262039992,1393,63.318181818181818181818181
0.00121359223301,44,24,20,0.000534244840567,0.384923588632,0.0119267337627,0.000947554056875,1982,99.1
0.00121359223301,44,22,22,0.000170583691354,0.376175325254,0.0221193365568,0.000850890591322,2477,112.590909090909090909090909
0.00121359223301,44,23,21,0.00051026728653,0.398079204952,0.0195506887048,0.000935403468801,2942,140.095238095238095238095238
0.00121359223301,44,24,20,0.000334195888451,0.407009368307,0.0244614116281,0.000886594473272,3218,160.9
0.00121359223301,44,24,20,0.000283547845889,0.387134885407,0.0164422196403,0.000909282483847,2000,100.0
0.00121359223301,44,19,25,0.000614736380324,0.395907560107,0.0137856193747,0.000870399874728,2323,92.92
0.00121359223301,44,22,22,0.000217614171941,0.348908178896,0.00543039005029,0.000946195647188,1712,77.818181818181818181818181
0.00121359223301,203,85,118,0.00591392342267,0.48159658792,0.0826967077752,0.00262898190269,15217,128.957627118644067796610169
0.00121359223301,108,39,69,0.00227579904808,0.447768256163,0.0379051372106,0.00132418784214,8699,126.072463768115942028985507
0.00121359223301,108,61,47,0.00311166058827,0.430798043715,0.0462520785803,0.0023287612112,5795,123.297872340425531914893617
0.00121359223301,108,51,57,0.00153494556804,0.43799801102,0.0588225274474,0.00164832813814,9280,162.807017543859649122807017
0.00121359223301,108,56,52,0.00272628323936,0.421182015954,0.0481958784483,0.00192779074946,6518,125.346153846153846153846153
0.00121359223301,108,43,65,0.00246965724882,0.412346029605,0.0252515957797,0.00166288071627,5530,85.076923076923076923076923
0.00121359223301,108,60,48,0.00159927543534,0.439630808824,0.0628883091184,0.00213216558962,7582,157.958333333333333333333333
0.00121359223301,94,49,45,0.000987137711965,0.430208716706,0.0449764922682,0.00152360594605,6743,149.844444444444444444444444
0.00121359223301,94,45,49,0.000922911945153,0.425167965631,0.0477913979957,0.00131189498538,6608,134.857142857142857142857142
0.00121359223301,94,47,47,0.00158043025781,0.422502335753,0.0369820154337,0.00148520237093,5923,126.021276595744680851063829
0.00121359223301,94,45,49,0.00470471300895,0.427673488548,0.0313849974499,0.00178836795455,5430,110.816326530612244897959183
0.00121359223301,94,50,44,0.00189089149857,0.391959998229,0.0339703424671,0.00186241027138,3979,90.431818181818181818181818
0.00121359223301,207,100,107,0.00443908347793,0.48110541343,0.104696026881,0.0030876453878,15167,141.747663551401869158878504
0.00121359223301,19,10,9,1.68893473885e-05,0.361059210002,0.0102059294981,0.000432438469068,1276,141.777777777777777777777777
0.00121359223301,19,8,11,7.17589332768e-05,0.387134885407,0.00884033789524,0.000385218108621,1809,164.454545454545454545454545
0.00121359223301,19,12,7,1.20225808081e-05,0.354546304298,0.0133381157485,0.000565669074893,1163,166.142857142857142857142857
0.00121359223301,19,3,16,7.03569644915e-05,0.379199242659,0.00104704001455,0.000311907700673,1722,107.625
0.00121359223301,19,10,9,4.50934542899e-05,0.383048199649,0.00900222102862,0.000457389114129,1562,173.555555555555555555555555
0.00121359223301,19,8,11,4.24458544364e-06,0.320138349418,0.00349952647886,0.000480286010501,635,57.727272727272727272727272
0.00121359223301,19,10,9,1.97700131063e-05,0.317659163547,0.00277151404998,0.000629604685461,666,74.0
0.00121359223301,79,28,51,0.0032722501299,0.42005686364,0.0189015979158,0.0011450121479,4690,91.960784313725490196078431
0.00121359223301,79,35,44,0.00146209261836,0.375576319959,0.0110190234683,0.00166877672736,2925,66.477272727272727272727272
0.00121359223301,79,37,42,0.00161184176102,0.438405072368,0.0432507622681,0.00121183611455,7766,184.904761904761904761904761
0.00121359223301,58,36,22,0.00122192264179,0.405958569594,0.0378526101176,0.00117228462175,3370,153.181818181818181818181818
0.00121359223301,58,22,36,0.00057805204018,0.381499278502,0.00861866841972,0.00098511217834,2873,79.805555555555555555555555
0.00121359223301,58,23,35,0.00037449032099,0.402838478111,0.0282386100981,0.00075299043685,4953,141.514285714285714285714285
0.00121359223301,58,27,31,0.000803010885724,0.402151626486,0.025355505365,0.00100285206786,3522,113.612903225806451612903225
0.00121359223301,58,34,24,0.000774725868454,0.34787895123,0.00954054630223,0.00149474619909,1463,60.958333333333333333333333
0.00121359223301,58,29,29,0.000759634497738,0.392939490102,0.0167791922751,0.00117656965124,2926,100.896551724137931034482758
0.00121359223301,58,27,31,0.000612339474592,0.403182784503,0.0228519973894,0.000930987328805,3788,122.193548387096774193548387
0.00121359223301,58,28,30,0.00110790313444,0.386817431626,0.0103233372412,0.00124692540107,2082,69.4
0.00121359223301,58,28,30,0.000560621208605,0.420806296046,0.0256868728556,0.00101460656751,4365,145.5
0.00121359223301,58,26,32,0.000496176721166,0.33138311055,0.00616811164082,0.0013220484989,1871,58.46875
0.00121359223301,10,7,3,1.78001775167e-07,0.327813660784,0.00929544728003,0.000389580977406,408,136.0
0.00121359223301,10,7,3,2.15946525465e-05,0.362168029073,0.00561989114396,0.000419427592502,623,207.666666666666666666666666
0.00121359223301,10,5,5,4.86186638149e-06,0.321995807418,0.00518584106991,0.000344558654456,473,94.6
0.00121359223301,10,6,4,4.58431619454e-06,0.334437332767,0.00376768287457,0.000402178389857,449,112.25
0.00121359223301,10,4,6,3.54706356987e-05,0.340226367016,0.00479135639191,0.000298219034264,519,86.5
0.00121359223301,10,5,5,1.59277425284e-05,0.335866043338,0.00228289064272,0.000364252892793,480,96.0
0.00121359223301,132,61,71,0.00527787265319,0.41893770681,0.033633907763,0.0025269773304,6264,88.225352112676056338028169
0.00121359223301,35,15,20,0.00115999611497,0.377228195016,0.00833992034573,0.000676721712683,2065,103.25
0.00121359223301,35,19,16,0.000121418508446,0.388409928257,0.0144621363388,0.000739810369999,2056,128.5
0.00121359223301,35,21,14,0.000759154195854,0.377832485277,0.0161125410186,0.000907759969693,1685,120.357142857142857142857142
0.00121359223301,35,23,12,0.000278277576069,0.378286975034,0.0144792126237,0.000967380177025,1385,115.416666666666666666666666
0.00121359223301,35,18,17,0.000167688401297,0.377077424355,0.02139167368,0.000675965202477,2337,137.470588235294117647058823
0.00121359223301,35,19,16,0.000234184622432,0.358044673904,0.0109270774145,0.000765380035066,1387,86.6875
0.00121359223301,35,18,17,9.30626708945e-05,0.341457732803,0.0104714800888,0.00085270713538,1574,92.588235294117647058823529
0.00121359223301,35,19,16,0.00044354598197,0.3957414915,0.0118493684025,0.000822605833839,1912,119.5
0.00121359223301,35,21,14,0.000118303343623,0.345585243859,0.0135751424117,0.000810208692926,1255,89.642857142857142857142857
0.00121359223301,35,18,17,0.000208455593841,0.355615422441,0.00932281079011,0.000875167653247,1181,69.470588235294117647058823
0.00121359223301,35,19,16,0.00029341600725,0.361059210002,0.00969800301442,0.000904724226357,1345,84.0625
0.00121359223301,35,15,20,6.30033669599e-05,0.395907560107,0.0197563335585,0.00058015850259,3716,185.8
0.00121359223301,1,0,1,0.0,0.301468779136,0.0,0.000198382776707,142,142.0
0.00121359223301,1,0,1,0.0,0.301468779136,0.0,0.000198382776707,142,142.0
0.00121359223301,1,0,1,0.0,0.251037198983,0.0,0.000198382776707,12,12.0
0.00121359223301,1,0,1,0.0,0.305659906683,0.0,0.000198382776707,167,167.0
0.00121359223301,1,0,1,0.0,0.326002100473,0.0,0.000198382776707,273,273.0
0.00121359223301,1,0,1,0.0,0.28061920195,0.0,0.000198382776707,42,42.0
0.00121359223301,1,0,1,0.0,0.292242995787,0.0,0.000198382776707,45,45.0
0.00121359223301,1,0,1,0.0,0.325889724705,0.0,0.000198382776707,261,261.0
0.00121359223301,1,0,1,0.0,0.297671943127,0.0,0.000198382776707,131,131.0
0.00121359223301,1,0,1,0.0,0.281790191169,0.0,0.000198382776707,49,49.0
0.00121359223301,1,0,1,0.0,0.0010152284264,0.0,0.000198382776707,4,4.0
0.00121359223301,1,0,1,0.0,0.297765698069,0.0,0.000198382776707,70,70.0
0.00121359223301,1,0,1,0.0,0.319717988289,0.0,0.000198382776707,191,191.0
0.00121359223301,1,0,1,0.0,0.292242995787,0.0,0.000198382776707,112,112.0
0.00121359223301,1,0,1,0.0,0.273792670539,0.0,0.000198382776707,48,48.0
0.00121359223301,1,0,1,0.0,0.246199502961,0.0,0.000198382776707,12,12.0
0.00121359223301,1,0,1,0.0,0.0010152284264,0.0,0.000198382776707,4,4.0
0.00121359223301,1,0,1,0.0,0.294886491382,0.0,0.000198382776707,97,97.0
0.00121359223301,1,0,1,0.0,0.249975169585,0.0,0.000198382776707,11,11.0
0.00121359223301,168,82,86,0.00449226280552,0.452492909226,0.0857908828334,0.00248871022535,12060,140.232558139534883720930232
0.00121359223301,168,117,51,0.00294959692562,0.431586329248,0.116737784191,0.00367847426387,8093,158.68627450980392156862745
0.00121359223301,24,16,8,7.21765089918e-05,0.337548377723,0.00824186662479,0.000720120470769,759,94.875
0.00121359223301,24,6,18,0.000114697378153,0.359271788171,0.00376242629941,0.000358633104326,1297,72.055555555555555555555555
0.00121359223301,24,13,11,9.85891199224e-05,0.375875583959,0.0114452422242,0.000522315625792,1771,161.0
0.00121359223301,24,11,13,0.0016656692619,0.365819199587,0.00707793067422,0.000547446360067,1364,104.923076923076923076923076
0.00121359223301,306,150,156,0.0153510087476,0.500237389043,0.135931991986,0.00467168538336,19090,122.371794871794871794871794
0.00121359223301,33,17,16,6.65863115657e-05,0.348650301455,0.0147226527998,0.000806949344731,1579,98.6875
0.00121359223301,33,21,12,0.000281422181659,0.328155727213,0.00507452492921,0.00101942054305,714,59.5
0.00121359223301,33,19,14,0.000124701729829,0.39507860793,0.0180568094606,0.000765920272402,2580,184.285714285714285714285714
0.00121359223301,33,9,24,1.71779431124e-05,0.347366611096,0.00765234614136,0.000435295941497,1900,79.166666666666666666666666
0.00121359223301,33,19,14,0.000166438547026,0.35428002844,0.0157414156294,0.000878249714938,1401,100.071428571428571428571428
0.00121359223301,33,15,18,0.000256524639164,0.374384014181,0.0121583300144,0.000724588486634,2042,113.444444444444444444444444
0.00121359223301,202,96,106,0.0106845798396,0.457540114324,0.0728763068465,0.0034251871277,10978,103.566037735849056603773584
0.00121359223301,161,71,90,0.00463759968061,0.460892875299,0.0699461977294,0.00240382032281,10796,119.955555555555555555555555
0.00121359223301,161,73,88,0.0053980646831,0.455771843351,0.0635790603023,0.00269209802547,11159,126.806818181818181818181818
0.00121359223301,104,65,39,0.00106272423594,0.419496538789,0.0682306322303,0.00205667074928,6149,157.666666666666666666666666
0.00121359223301,104,51,53,0.00100020789998,0.40877284044,0.0365302417568,0.00159601199755,5533,104.396226415094339622641509
0.00121359223301,81,42,39,0.00134489620975,0.392449133002,0.0379746883099,0.00147701942999,4453,114.179487179487179487179487
0.00121359223301,81,31,50,0.00369857720379,0.419683147569,0.0286656935599,0.00126290728389,5721,114.42
0.00121359223301,81,37,44,0.00120290218181,0.412526329574,0.0282073598872,0.00133709527518,4820,109.545454545454545454545454
0.00121359223301,81,47,34,0.000745101572664,0.405087039818,0.0497120244323,0.00150863341296,4715,138.676470588235294117647058
0.00121359223301,88,37,51,0.001662253402,0.407009368307,0.0301119546508,0.00133455069581,5599,109.784313725490196078431372
0.00121359223301,88,41,47,0.000466196703822,0.402666545342,0.0331593927441,0.00131713120189,5319,113.170212765957446808510638
0.00121359223301,88,39,49,0.00196263334466,0.436781349878,0.0322184609608,0.00135182795152,5621,114.714285714285714285714285
0.00121359223301,88,45,43,0.000931507275125,0.410373082095,0.0299882164218,0.00145481083901,4840,112.558139534883720930232558
0.00121359223301,88,39,49,0.000504066575417,0.425935763312,0.0490462793442,0.00135715915606,7997,163.204081632653061224489795
0.00121359223301,88,36,52,0.00313658733873,0.416717188929,0.0182570990406,0.00136127551287,4370,84.038461538461538461538461
0.00121359223301,232,114,118,0.00696064716987,0.484813831313,0.106285274591,0.0037672457213,16282,137.983050847457627118644067
0.00121359223301,232,108,124,0.00879371985155,0.485312610975,0.109048480675,0.00344886704828,15597,125.782258064516129032258064
0.00121359223301,97,43,54,0.0027741552837,0.427479708082,0.0363803551386,0.00133336942571,6242,115.592592592592592592592592
0.00121359223301,97,43,54,0.00250851303673,0.410194659016,0.0283723904517,0.00153394905845,4899,90.722222222222222222222222
0.00121359223301,97,44,53,0.00190445873682,0.415249874884,0.0255123281499,0.00172328689307,4720,89.056603773584905660377358
0.00121359223301,97,60,37,0.00363521441551,0.420994072171,0.0412125245622,0.00223969778983,5154,139.297297297297297297297297
0.00121359223301,97,54,43,0.00138328901764,0.41001639102,0.0460415635952,0.00185040472664,4991,116.069767441860465116279069
0.00121359223301,97,44,53,0.00110676941502,0.430404979807,0.0494831241512,0.00133368668891,7217,136.169811320754716981132075
0.00121359223301,40,22,18,0.000255826229311,0.375576319959,0.0220307238637,0.000918176139424,2196,122.0
0.00121359223301,40,18,22,0.000146959837039,0.365819199587,0.00905629911009,0.00080345432776,2043,92.863636363636363636363636
0.00121359223301,40,21,19,6.05590339338e-05,0.34981376186,0.015699346256,0.000748378868871,1806,95.052631578947368421052631
0.00121359223301,40,20,20,0.00172011852438,0.381190996257,0.0124902681048,0.00103183258021,1740,87.0
0.00121359223301,40,28,12,0.000150823770949,0.368678278912,0.020008231397,0.000976816882796,1498,124.833333333333333333333333
0.00121359223301,40,17,23,0.00173223434687,0.374384014181,0.0103574559036,0.000767553784094,1987,86.391304347826086956521739
0.00121359223301,15,8,7,8.13709677117e-06,0.307412093756,0.0026729527764,0.000529597468303,417,59.571428571428571428571428
0.00121359223301,15,12,3,3.90226748115e-06,0.310548951855,0.00875321574581,0.000559849553233,273,91.0
0.00121359223301,15,12,3,0.00104731022489,0.306712521371,0.00457089188512,0.00120520631318,181,60.333333333333333333333333
0.00121359223301,15,8,7,3.3593566938e-05,0.348392804925,0.00678743634968,0.000412259988325,958,136.857142857142857142857142
0.00121359223301,15,8,7,3.92380100801e-05,0.390661580015,0.00705089866496,0.000404077990942,1475,210.714285714285714285714285
0.00121359223301,15,14,1,8.30022295758e-05,0.359682697574,0.00689160986294,0.000674206260482,544,544.0
0.00121359223301,15,14,1,2.19922717528e-07,0.286849411899,0.00620579574041,0.000597008876635,84,84.0
0.00121359223301,15,12,3,5.6880575656e-06,0.309530090465,0.00964506349777,0.000513543731489,274,91.333333333333333333333333
0.00121359223301,15,8,7,5.75960323291e-05,0.337790087983,0.00428734227298,0.000455835605935,612,87.428571428571428571428571
0.00121359223301,15,13,2,1.42245728452e-05,0.305224107323,0.0110662843276,0.000564385800836,154,77.0
0.00121359223301,15,7,8,0.000182158880162,0.331966120949,0.00175939110382,0.000437514414898,382,47.75
0.00121359223301,15,12,3,4.82729626418e-05,0.31167747464,0.00719272191935,0.00058325620076,290,96.666666666666666666666666
0.00121359223301,138,75,63,0.00216795605142,0.44397539564,0.0765279337318,0.0023637252172,9735,154.523809523809523809523809
0.00121359223301,138,65,73,0.00314817975209,0.449689092343,0.0627332709412,0.00206658157194,9800,134.246575342465753424657534
0.00121359223301,115,49,66,0.00113308507662,0.449474852661,0.0515720252099,0.00156983471398,9578,145.121212121212121212121212
0.00121359223301,115,67,48,0.00225619046205,0.41912381863,0.0632220412711,0.00215518672036,6466,134.708333333333333333333333
0.00121359223301,115,57,58,0.00323946443905,0.420431245872,0.0446451739504,0.00198986751519,6926,119.413793103448275862068965
0.00121359223301,115,68,47,0.0011771358426,0.430208716706,0.0663224716628,0.00225330981579,6908,146.97872340425531914893617
0.00121359223301,236,119,117,0.00859477114441,0.482088766344,0.111634504053,0.00364732473,16126,137.829059829059829059829059
0.00121359223301,165,60,105,0.00499372255823,0.462928221657,0.0479197087152,0.00210668752172,12543,119.457142857142857142857142
0.00121359223301,75,36,39,0.00156623579515,0.404565915839,0.0236172910166,0.00141349373397,4374,112.153846153846153846153846
0.00121359223301,75,37,38,0.00273510355657,0.4221242576,0.0235626714661,0.00143788153745,3706,97.526315789473684210526315
0.00121359223301,75,41,34,0.0012226833859,0.418565978587,0.0337812326262,0.00148218426957,4795,141.029411764705882352941176
0.00121359223301,75,46,29,0.00048621916526,0.40948251551,0.0503882454436,0.00159373918813,4992,172.137931034482758620689655
0.00121359223301,75,33,42,0.00137673466011,0.426128146222,0.029939672142,0.00120991526513,5349,127.357142857142857142857142
0.00121359223301,135,67,68,0.00233967411203,0.427673488548,0.0588589685368,0.00229629500662,7723,113.573529411764705882352941
0.00121359223301,172,95,77,0.00569506506346,0.448619931401,0.0962099759773,0.00327195565176,11039,143.363636363636363636363636
0.00121359223301,131,71,60,0.00435002555543,0.444393648486,0.0686034368267,0.00238335625498,8552,142.533333333333333333333333
0.00121359223301,131,54,77,0.00520376452478,0.426706339094,0.038857632419,0.00209400374326,6924,89.922077922077922077922077
0.00121359223301,131,68,63,0.00605529499098,0.429230079953,0.058262039921,0.00250948946292,7650,121.428571428571428571428571
0.00121359223301,131,66,65,0.00737329125932,0.450333038537,0.0659271994383,0.00272375349754,9416,144.861538461538461538461538
0.00121359223301,371,168,203,0.0227096036068,0.51302214015,0.143489903231,0.00558932053433,21988,108.315270935960591133004926
0.00121359223301,31,23,8,2.42556423556e-05,0.351377175321,0.0118939106253,0.000892597670471,1170,146.25
0.00121359223301,31,23,8,0.000114007021978,0.335150165448,0.0142091944756,0.00096175125901,822,102.75
0.00121359223301,31,17,14,4.6859749334e-05,0.320900583584,0.00495692219282,0.000812000533541,849,60.642857142857142857142857
0.00121359223301,31,15,16,6.27440309384e-05,0.32895666518,0.00893817648465,0.000772150848341,1267,79.1875
0.00121359223301,31,16,15,0.0011452589232,0.363984458231,0.00806039183931,0.000773914216625,1186,79.066666666666666666666666
0.00121359223301,31,18,13,2.86152989085e-05,0.323986166118,0.00478443701372,0.000858377251489,914,70.307692307692307692307692
0.00121359223301,31,17,14,0.000368485856181,0.347622592386,0.00776921429373,0.00101175979727,1008,72.0
0.00121359223301,54,33,21,0.000510349880578,0.363004123023,0.0181906662016,0.00121087155229,1722,82.0
0.00121359223301,54,24,30,0.000641766627945,0.386817431626,0.0128970929688,0.000968093015287,2441,81.366666666666666666666666
0.00121359223301,54,26,28,0.00138022054647,0.406483289847,0.0217388259687,0.00134097437366,3390,121.071428571428571428571428
0.00121359223301,54,31,23,0.00043857619115,0.376625834625,0.0183592127113,0.00125667588474,2513,109.260869565217391304347826
0.00121359223301,54,45,9,0.000394373204753,0.370852089519,0.0335161655483,0.00155766002401,1274,141.555555555555555555555555
0.00121359223301,6,4,2,7.36954432634e-08,0.292089076079,0.00176391239683,0.000354422581716,138,69.0
0.00121359223301,6,5,1,2.12262368603e-07,0.321666456098,0.00992537809686,0.000318320656073,217,217.0
0.00121359223301,6,4,2,0.0,0.309428571904,0.00188546228376,0.000320439655264,237,118.5
0.00121359223301,6,3,3,0.00101490319901,0.302581050589,0.00113882017423,0.000646458249805,187,62.333333333333333333333333
0.00121359223301,6,3,3,1.81124659368e-06,0.3316160688,0.0016486345535,0.000283795736553,345,115.0
0.00121359223301,6,3,3,0.0,0.308014272196,0.00158029911287,0.000312964285387,319,106.333333333333333333333333
0.00121359223301,6,4,2,0.000996540945823,0.297523719879,0.000558478292609,0.00100360527133,75,37.5
0.00121359223301,6,4,2,4.65804454908e-06,0.292723461289,0.000958452374025,0.000329982918272,114,57.0
0.00121359223301,6,5,1,3.37557548798e-07,0.282047149697,0.00356711020174,0.000362489558822,52,52.0
0.00121359223301,6,3,3,4.956908996e-06,0.307512293265,0.00143976789075,0.000342176925649,201,67.0
0.00121359223301,6,2,4,3.22088373772e-06,0.30084429711,0.000830307264305,0.000264009384331,251,62.75
0.00121359223301,6,3,3,0.00123842667553,0.337911072971,0.00163976455012,0.000641100190363,365,121.666666666666666666666666
0.00121359223301,6,4,2,8.48433445966e-07,0.304829633517,0.00424733455724,0.000303522980851,171,85.5
0.00121359223301,6,5,1,0.000296734346884,0.328155727213,0.000525124431694,0.000565374322611,278,278.0
0.00121359223301,6,4,2,9.38082936876e-07,0.291277467038,0.0021420053737,0.000344307566539,106,53.0
0.00121359223301,6,3,3,6.59394982295e-06,0.312296496437,0.00126813283513,0.000276935297541,221,73.666666666666666666666666
0.00121359223301,6,3,3,1.96595188064e-06,0.313854862188,0.0019897484852,0.000312515720298,264,88.0
0.00121359223301,223,106,117,0.00699979237969,0.48159658792,0.0944371883472,0.00327042570136,15408,131.692307692307692307692307
0.00121359223301,145,61,84,0.00866591069694,0.444603070564,0.0293530985344,0.00242282949847,6702,79.785714285714285714285714
0.00121359223301,124,60,64,0.00319076685473,0.444184423605,0.0597711154982,0.00215566785431,9206,143.84375
0.00121359223301,154,76,78,0.0078677799248,0.440451781389,0.0391225788783,0.00267880718934,6596,84.564102564102564102564102
0.00121359223301,179,91,88,0.00556789801416,0.458652268224,0.0950653391959,0.00320090454309,13060,148.40909090909090909090909
0.00121359223301,29,13,16,0.000278062604955,0.377681231279,0.0116134398068,0.000619027660818,2003,125.1875
0.00121359223301,29,22,7,4.70111777258e-05,0.369689543784,0.0181323283498,0.000747145931495,1278,182.571428571428571428571428
0.00121359223301,29,16,13,0.00254377388247,0.351770214667,0.00902885322969,0.00130349327426,985,75.76923076923076923076923
0.00121359223301,29,13,16,0.000104784807419,0.399765981244,0.0161948767879,0.000526921147984,2654,165.875
0.00121359223301,29,18,11,0.000130316745022,0.34244926161,0.00921948186313,0.00075854979552,787,71.545454545454545454545454
0.00121359223301,29,15,14,0.000108387102483,0.350203309479,0.00984189921364,0.000688391289143,1162,83.0
0.00121359223301,29,15,14,3.86294236469e-05,0.339003850426,0.0113512705562,0.000596898922479,1492,106.571428571428571428571428
0.00121359223301,29,13,16,0.000131610720727,0.36356366695,0.0100565060271,0.000603181834402,1409,88.0625
0.00121359223301,29,6,23,0.00102341247757,0.36454703081,0.00338714309455,0.000408809460498,1712,74.434782608695652173913043
0.00121359223301,29,5,24,0.00016518161436,0.365819199587,0.0037088647818,0.000390926851608,1984,82.666666666666666666666666
0.00121359223301,29,14,15,0.000129851988506,0.329876823684,0.00445653584012,0.000770269287876,927,61.8
0.00121359223301,74,41,33,0.000456466022861,0.370997922035,0.0307599510164,0.00146481336338,3255,98.636363636363636363636363
0.00121359223301,74,37,37,0.0016293511918,0.390015591458,0.0301621656416,0.00135457205544,3906,105.567567567567567567567567
0.00121359223301,74,40,34,0.000349809027628,0.383983604288,0.0367283966246,0.00126267872863,4296,126.352941176470588235294117
0.00121359223301,74,44,30,0.00137740404999,0.405435202293,0.0366740944449,0.0015721883546,4244,141.466666666666666666666666
0.00121359223301,74,42,32,0.000722492613191,0.392612449328,0.0238946477296,0.00161961758532,3038,94.9375
0.00121359223301,74,40,34,0.00105076940978,0.401809078252,0.0351886290673,0.00138248767346,3718,109.352941176470588235294117
0.00121359223301,36,20,16,0.000197544677552,0.357231244126,0.0110633343857,0.000849065728049,1350,84.375
0.00121359223301,36,16,20,0.000363941149021,0.409304865829,0.0170333439895,0.000609429863971,3160,158.0
0.00121359223301,36,22,14,0.000205947852723,0.343696799904,0.00855917183562,0.000973754081193,1135,81.071428571428571428571428
0.00121359223301,36,23,13,0.000328561407659,0.374384014181,0.0186341279355,0.000966156823973,1848,142.153846153846153846153846
0.00121359223301,36,19,17,0.000477057478986,0.359408653614,0.0104713242514,0.00112260269016,1493,87.823529411764705882352941
0.00121359223301,36,25,11,7.81009638942e-05,0.350593725654,0.0210330500965,0.000882804254311,1277,116.090909090909090909090909
0.00121359223301,36,18,18,0.000178422567695,0.365252696762,0.0108732343999,0.000850843168937,1354,75.222222222222222222222222
0.00121359223301,36,19,17,0.00105120307032,0.342200839948,0.0073600699277,0.000844136277364,1237,72.764705882352941176470588
0.00121359223301,109,61,48,0.0021914187607,0.444184423605,0.0596992885871,0.00219749669271,7804,162.583333333333333333333333
0.00121359223301,109,52,57,0.00381451826169,0.432575752286,0.0482859910016,0.00208698020537,7378,129.438596491228070175438596
0.00121359223301,118,61,57,0.00436282974809,0.423450500779,0.0455467956872,0.00232960578855,6735,118.157894736842105263157894
0.00121359223301,20,11,9,0.00105297801544,0.331849354814,0.00357248800257,0.000825136605078,710,78.888888888888888888888888
0.00121359223301,20,13,7,9.47899252175e-06,0.329876823684,0.00902040406197,0.000554638551301,850,121.428571428571428571428571
0.00121359223301,20,18,2,1.140038471e-05,0.304534446655,0.0143567735472,0.000671138242372,157,78.5
0.00121359223301,20,11,9,3.98715581586e-05,0.34382205384,0.00811759103373,0.000521865741852,1016,112.888888888888888888888888
0.00121359223301,20,8,12,0.00103553398398,0.316699468189,0.00251746578197,0.00312868705512,721,60.083333333333333333333333
0.00121359223301,20,13,7,0.000155205918297,0.346092338861,0.00724523974226,0.000676382864371,735,105.0
0.00121359223301,20,10,10,7.65025356224e-06,0.334082052314,0.00719796868128,0.000545911914349,1060,106.0
0.00121359223301,20,9,11,0.000272434729967,0.333138317703,0.00400258551254,0.000582523810051,523,47.545454545454545454545454
0.00121359223301,20,16,4,5.20536572336e-05,0.339369681919,0.00951625818931,0.000812050529252,611,152.75
0.00121359223301,20,8,12,5.74512823801e-05,0.411626403026,0.0119363679516,0.000385318713692,3050,254.166666666666666666666666
0.00121359223301,45,20,25,0.00245893983569,0.415615733804,0.0236230428575,0.000807413196614,4469,178.76
0.00121359223301,45,26,19,0.00035970866281,0.371436108557,0.0192110455707,0.000882939078831,1901,100.052631578947368421052631
0.00121359223301,45,26,19,0.000309280987213,0.384923588632,0.0163051885048,0.000937933543037,2392,125.894736842105263157894736
0.00121359223301,100,50,50,0.00510352658773,0.431981554824,0.0349345424305,0.00213383741366,6586,131.72
0.00121359223301,100,44,56,0.000765629019041,0.435973990636,0.0458329897836,0.00132017551991,8343,148.982142857142857142857142
0.00121359223301,84,33,51,0.00247523965691,0.405609508055,0.021045250293,0.00175092061323,4311,84.529411764705882352941176
0.00121359223301,84,49,35,0.00106401253787,0.405958569594,0.0388727087354,0.00168895489872,3970,113.428571428571428571428571
0.00121359223301,84,44,40,0.000902536719702,0.410373082095,0.0395490226929,0.00157874795752,5064,126.6
0.00121359223301,71,31,40,0.00253611836039,0.405783963757,0.030383330743,0.00114432149337,3817,95.425
0.00121359223301,71,41,30,0.000635545579733,0.390176888228,0.0326041303239,0.00148440104513,3409,113.633333333333333333333333
0.00121359223301,71,31,40,0.00159788361167,0.414702292631,0.0177742950636,0.00138852418969,3916,97.9
0.00121359223301,71,28,43,0.000637751859483,0.396573230658,0.0144011561757,0.00101905607793,3659,85.093023255813953488372093
0.00121359223301,199,95,104,0.00410842385784,0.466130294336,0.100992852381,0.00293406137426,14734,141.673076923076923076923076
0.00121359223301,11,7,4,3.42389658988e-06,0.32376380087,0.00300264565411,0.000423749842539,454,113.5
0.00121359223301,11,7,4,4.97201514606e-05,0.332668447016,0.00501539707801,0.000479556828651,518,129.5
0.00121359223301,11,5,6,9.8148679782e-06,0.34545870221,0.00341338157862,0.00035414776171,723,120.5
0.00121359223301,11,9,2,3.48053735044e-06,0.327813660784,0.0104655816755,0.000453929285079,346,173.0
0.00121359223301,11,8,3,1.93640070232e-05,0.30681226528,0.00638854373181,0.000366321615897,200,66.666666666666666666666666
0.00121359223301,11,4,7,8.42131136658e-06,0.347366611096,0.00330378195181,0.00032522285001,823,117.571428571428571428571428
0.00121359223301,11,4,7,2.52736729486e-06,0.373346939349,0.00579269176315,0.000298829730571,1399,199.857142857142857142857142
0.00121359223301,11,6,5,1.24365114709e-06,0.358998369763,0.00910888024737,0.000355375033224,1149,229.8
0.00121359223301,11,8,3,2.90774410401e-06,0.32769979706,0.00909686607273,0.000409641771294,493,164.333333333333333333333333
0.00121359223301,11,2,9,0.000994654975378,0.334912217159,0.000590016086608,0.00038800390704,1098,122.0
0.00121359223301,125,50,75,0.00333661883227,0.430012632514,0.0387841728603,0.00182888464473,8240,109.866666666666666666666666
0.00121359223301,125,62,63,0.00536524890862,0.437591704887,0.0374967915708,0.00215038519404,6071,96.365079365079365079365079
0.00121359223301,61,30,31,0.00105035902378,0.401467113079,0.0188590893277,0.00118383882091,3034,97.870967741935483870967741
0.00121359223301,61,33,28,0.00168376538798,0.377530098334,0.0154661689107,0.00140687252835,2252,80.428571428571428571428571
0.00121359223301,61,25,36,0.00120938444673,0.384139949404,0.0201656418262,0.00111130598904,3155,87.638888888888888888888888
0.00121359223301,61,34,27,0.00183479499833,0.404046130936,0.0191626807874,0.00126768564335,2867,106.185185185185185185185185
0.00121359223301,61,42,19,0.000235898635703,0.380729505947,0.0406350334047,0.00149913423525,2880,151.578947368421052631578947
0.00121359223301,61,28,33,0.000907401772735,0.360645151275,0.0121583915237,0.00152248620528,2428,73.575757575757575757575757
0.00121359223301,61,35,26,0.00059906974829,0.402323119717,0.0293002992293,0.0012542662471,3181,122.346153846153846153846153
0.00121359223301,367,178,189,0.0254663215036,0.509971738236,0.139899183517,0.00591888971571,20924,110.708994708994708994708994
0.00121359223301,59,17,42,0.00130257245479,0.41653320783,0.0100467687207,0.000708773876832,3970,94.523809523809523809523809
0.00121359223301,59,51,8,8.67309830895e-05,0.349554544548,0.0462298237413,0.00155888906676,1172,146.5
0.00121359223301,59,29,30,0.00052589349321,0.408418924561,0.0231734852582,0.00125748904105,4197,139.9
0.00121359223301,59,34,25,0.00107537049204,0.402666545342,0.0303288796988,0.0014483918044,3098,123.92
0.00121359223301,59,29,30,0.000578913666138,0.407360844446,0.0221288555062,0.00114553938763,3612,120.4
0.00121359223301,50,22,28,0.000464438748982,0.365961099975,0.00749314598557,0.000967086116083,2123,75.821428571428571428571428
0.00121359223301,50,32,18,0.000243471678285,0.36356366695,0.0230323432555,0.00133650924301,1678,93.222222222222222222222222
0.00121359223301,50,19,31,0.000185221908623,0.354413116355,0.00562794165743,0.000954134682957,2110,68.064516129032258064516129
0.00121359223301,50,37,13,0.000529335118407,0.402838478111,0.0354408558854,0.00122381234548,2894,222.615384615384615384615384
0.00121359223301,32,16,16,9.47105889375e-05,0.370124643286,0.0119590582491,0.000694259239909,1948,121.75
0.00121359223301,32,14,18,4.10430468658e-05,0.364265527311,0.00964053295577,0.000651995150037,1952,108.444444444444444444444444
0.00121359223301,32,10,22,0.000181740514129,0.350203309479,0.00284991925056,0.00061331059884,1143,51.954545454545454545454545
0.00121359223301,32,19,13,0.00110266943029,0.358589021564,0.00790733655381,0.000925459642976,1061,81.615384615384615384615384
0.00121359223301,32,22,10,0.000182277139437,0.386026070268,0.0210866900398,0.00090752799237,1485,148.5
0.00121359223301,2,1,1,0.0,0.336705109114,0.00232719175069,0.000221796154399,371,371.0
0.00121359223301,2,1,1,0.0,0.293817413808,0.000464912187444,0.000219859069227,81,81.0
0.00121359223301,2,1,1,0.0,0.304829633517,0.000950264289739,0.000219365180238,114,114.0
0.00121359223301,2,1,1,0.000993561966077,0.308618814438,5.02927883675e-05,0.000426763357715,131,131.0
0.00121359223301,2,1,1,0.0,0.29612294907,0.00051885138308,0.000231883829302,101,101.0
0.00121359223301,2,1,1,0.0,0.306712521371,0.000851534315018,0.000220095482523,106,106.0
0.00121359223301,2,1,1,0.0,0.275620133139,0.000489177281393,0.000229521043007,66,66.0
0.00121359223301,2,1,1,0.0,0.286675088343,0.000386586645981,0.000262305418647,42,42.0
0.00121359223301,2,1,1,0.0,0.279540063922,0.000416104618639,0.000246795368644,42,42.0
0.00121359223301,2,1,1,0.0,0.327927603662,0.00129892572247,0.000226621413297,278,278.0
0.00121359223301,2,1,1,1.18257318302e-07,0.285979907771,0.00220446380721,0.000218579279406,107,107.0
0.00121359223301,2,1,1,4.01630374455e-07,0.296308955947,0.000816501411159,0.000223091557803,101,101.0
0.00121359223301,2,1,1,1.04026295119e-06,0.287811993818,5.67921141917e-05,0.000215425753498,34,34.0
0.00121359223301,2,1,1,1.36830982772e-06,0.286588005995,5.67921141917e-05,0.000215425753498,75,75.0
0.00121359223301,2,1,1,4.14498767135e-07,0.284085430815,0.000469393161153,0.000229333192089,52,52.0
0.00121359223301,2,1,1,0.0,0.327927603662,0.00129892572247,0.000226621413297,278,278.0
0.00121359223301,2,1,1,0.0,0.305619603413,0.000927131429905,0.000231164281782,146,146.0
0.00121359223301,2,1,1,0.0,0.294183883921,0.000724050310136,0.000227551031403,115,115.0
0.00121359223301,2,1,1,0.0,0.327927603662,0.00129892572247,0.000226621413297,278,278.0
0.00121359223301,2,1,1,0.0,0.297711491239,0.000509062554983,0.000229346735854,94,94.0
0.00121359223301,25,12,13,0.000109853618519,0.356556203982,0.00640375979074,0.000599934074104,1134,87.230769230769230769230769
0.00121359223301,25,14,11,6.37241474632e-05,0.375128316396,0.010187036542,0.000570361090539,1807,164.272727272727272727272727
0.00121359223301,25,13,12,9.76243606725e-05,0.335746518056,0.0051923155698,0.000716984574094,814,67.833333333333333333333333
0.00121359223301,25,8,17,5.59482583244e-05,0.364406224695,0.00356272724744,0.000488500804721,1463,86.058823529411764705882352
0.00121359223301,25,18,7,2.78403098743e-05,0.32826990805,0.01419152935,0.000781539162265,614,87.714285714285714285714285
0.00121359223301,25,12,13,8.00323427582e-05,0.397575944263,0.0126313809114,0.000546698268036,2205,169.615384615384615384615384
0.00121359223301,25,13,12,0.00115501291483,0.362168029073,0.00868368389011,0.000709133419447,997,83.083333333333333333333333
0.00121359223301,25,12,13,9.18939404925e-05,0.370852089519,0.00884439075794,0.000581122185818,1469,113.0
0.00121359223301,25,14,11,0.000201704203951,0.344575498808,0.00829904286209,0.00062748938045,911,82.818181818181818181818181
0.00121359223301,25,15,10,3.19886304268e-05,0.329416101863,0.00408742880079,0.000777610867859,834,83.4
0.00121359223301,25,11,14,6.34086882158e-05,0.329876823684,0.0042978241839,0.000609944539979,1071,76.5
0.00121359223301,25,14,11,0.000157944879253,0.348779192509,0.00811114531628,0.00105923721128,820,74.545454545454545454545454
0.00121359223301,25,15,10,3.23153933328e-05,0.37114386929,0.0123636825354,0.000628214937351,1408,140.8
0.00121359223301,70,31,39,0.00494909867858,0.426899418885,0.0260360946137,0.00174846597725,5533,141.871794871794871794871794
0.00121359223301,70,27,43,0.000679990632375,0.374532638244,0.00940692439874,0.00106819612112,3111,72.348837209302325581395348
0.00121359223301,16,8,8,3.30476233855e-05,0.310753529557,0.00347114673275,0.000480897073808,351,43.875
0.00121359223301,16,10,6,5.44075971655e-05,0.342822571125,0.00870372072656,0.000521881122962,880,146.666666666666666666666666
0.00121359223301,16,3,13,0.00186532104035,0.381499278502,0.00350131850571,0.000260625650216,1191,91.615384615384615384615384
0.00121359223301,16,10,6,3.89409411537e-06,0.315218080767,0.00578372535101,0.000551678753962,351,58.5
0.00121359223301,16,13,3,4.66967889162e-05,0.289046481537,0.00902695319068,0.000686362047779,141,47.0
0.00121359223301,16,3,13,1.27414576523e-05,0.354679592382,0.0019245384191,0.00029649859995,1516,116.615384615384615384615384
0.00121359223301,16,12,4,2.17558734609e-05,0.325776144936,0.00388756985877,0.00064464799562,468,117.0
0.00121359223301,16,9,7,2.04130873821e-05,0.334200395231,0.00423992754045,0.000486920485119,563,80.428571428571428571428571
